,Player,Age,Tm,Pos,GP,G,A,PTS,+/-,PIM,PS,EV,PP,SH,GW,EV.1,PP.1,SH.1,S,S%,TOI,ATOI,BLK,HIT,FOW,FOL,FO%
0,Nicholas Abruzzese,22,TOR,C,9,1,0,1,-1,2,0.0,1,0,0,1,0,0,0,8,12.5,92,10:13,3,7,2,5,28.6
1,Noel Acciari,30,FLA,C,20,3,5,8,2,11,0.6,3,0,0,1,5,0,0,32,9.4,240,11:59,16,48,84,82,50.6
2,Calen Addison,21,MIN,D,15,2,2,4,-4,2,0.3,2,0,0,0,2,0,0,17,11.8,207,13:47,6,12,0,0,
3,Andrew Agozzino,31,OTT,LW,1,0,0,0,0,0,0.0,0,0,0,0,0,0,0,1,0.0,7,6:52,0,4,1,2,33.3
4,Jack Ahcan,24,BOS,D,6,1,0,1,-3,0,0.1,0,1,0,0,0,0,0,5,20.0,96,16:02,5,8,0,0,
5,Sebastian Aho,24,CAR,F,79,37,44,81,18,38,9.5,23,13,1,9,27,15,2,221,16.7,1497,18:57,23,76,555,504,52.4
6,Alexander Alexeyev,22,WSH,D,1,0,0,0,0,2,0.0,0,0,0,0,0,0,0,0,,11,10:35,0,1,0,0,
7,Wade Allison,24,PHI,RW,1,0,0,0,-1,0,0.0,0,0,0,0,0,0,0,2,0.0,8,8:16,0,1,0,0,
8,Michael Amadio,25,TOT,C,56,11,7,18,1,15,1.7,11,0,0,2,7,0,0,64,17.2,681,12:10,16,42,30,42,41.7
9,Joey Anderson,23,TOR,RW,5,0,0,0,0,0,-0.1,0,0,0,0,0,0,0,10,0.0,44,8:46,0,3,0,0,
10,Josh Anderson,27,MTL,RW,69,19,13,32,-25,65,2.1,17,2,0,1,12,1,0,151,12.6,1189,17:14,35,153,20,22,47.6
11,Michael Anderson,22,LAK,D,57,2,6,8,6,8,2.6,2,0,0,1,6,0,0,58,3.4,1147,20:07,69,133,0,0,
12,Jaret Anderson-Dolan,22,LAK,C,7,0,0,0,-3,4,-0.3,0,0,0,0,0,0,0,5,0.0,97,13:47,3,12,9,7,56.3
13,Lias Andersson,23,LAK,C,20,1,1,2,-7,12,-0.3,1,0,0,1,0,1,0,29,3.4,212,10:37,3,23,21,26,44.7
14,Rasmus Andersson,25,CGY,D,82,4,46,50,30,28,8.6,2,2,0,1,28,17,1,152,2.6,1859,22:40,125,63,0,0,
15,Andy Andreoff,30,NYI,LW,6,1,0,1,-1,0,0.1,1,0,0,0,0,0,0,6,16.7,60,9:59,1,11,9,8,52.9
16,Anthony Angello,25,PIT,C,4,0,0,0,0,2,0.0,0,0,0,0,0,0,0,2,0.0,27,6:38,0,13,0,1,0.0
17,Mason Appleton,26,TOT,C,68,8,13,21,-1,30,1.2,8,0,0,3,13,0,0,98,8.2,1012,14:53,20,64,7,15,31.8
18,Josh Archibald,29,EDM,RW,8,0,1,1,-2,7,-0.1,0,0,0,0,1,0,0,4,0.0,72,9:03,2,27,2,2,50.0
19,Player,Age,Tm,Pos,GP,G,A,PTS,+/-,PIM,PS,EV,PP,SH,GW,EV,PP,SH,S,S%,TOI,ATOI,BLK,HIT,FOW,FOL,FO%
20,Joel Armia,28,MTL,RW,60,6,8,14,-15,14,0.1,4,1,1,0,6,2,0,103,5.8,823,13:43,27,104,3,14,17.6
21,Viktor Arvidsson,28,LAK,LW,66,20,29,49,1,22,5.2,16,4,0,3,25,4,0,227,8.8,1121,16:59,45,23,12,21,36.4
22,Rasmus Asplund,24,BUF,F,80,8,19,27,-5,10,1.6,5,2,1,1,17,2,0,130,6.2,1142,14:17,14,30,26,35,42.6
23,Zach Aston-Reese,27,TOT,C,69,5,10,15,9,28,0.8,5,0,0,0,10,0,0,78,6.4,900,13:02,42,231,4,4,50.0
24,Andreas Athanasiou,27,LAK,C,28,11,6,17,7,4,2.4,11,0,0,3,5,1,0,71,15.5,427,15:14,10,11,13,7,65.0
25,Cam Atkinson,32,PHI,RW,73,23,27,50,-2,10,5.1,18,2,3,6,24,3,0,215,10.7,1332,18:15,45,20,5,12,29.4
26,Ronald Attard,22,PHI,D,15,2,2,4,-2,8,0.7,2,0,0,0,2,0,0,16,12.5,249,16:36,17,24,0,0,
27,Nicolas Aube-Kubel,25,TOT,RW,74,11,12,23,11,47,2.3,11,0,0,2,12,0,0,87,12.6,726,9:49,18,140,3,9,25.0
28,Mikael Backlund,32,CGY,C,82,12,27,39,16,30,3.0,12,0,0,1,20,7,0,214,5.6,1404,17:07,27,62,621,608,50.5
29,Nicklas Backstrom,34,WSH,C,47,6,25,31,-8,12,2.0,5,1,0,1,12,13,0,68,8.8,822,17:29,16,16,301,348,46.4
30,Brandon Baddock,26,MTL,LW,1,0,0,0,0,0,0.0,0,0,0,0,0,0,0,0,,8,8:24,0,6,0,0,
31,Sven Baertschi,29,VEG,LW,1,0,0,0,-1,0,-0.1,0,0,0,0,0,0,0,1,0.0,14,13:54,0,0,0,0,
32,Kevin Bahl,21,NJD,D,17,1,3,4,-6,10,0.3,1,0,0,0,3,0,0,16,6.3,268,15:45,15,28,0,0,
33,Josh Bailey,32,NYI,C,74,14,30,44,-7,6,3.7,12,2,0,1,21,9,0,87,16.1,1250,16:53,26,19,43,67,39.1
34,Justin Bailey,26,VAN,RW,14,0,0,0,-5,6,-0.4,0,0,0,0,0,0,0,16,0.0,127,9:05,6,12,0,1,0.0
35,Rudolfs Balcers,24,SJS,LW,61,11,12,23,-3,20,2.0,11,0,0,1,11,0,1,98,11.2,917,15:02,43,115,8,12,40.0
36,Alexander Barabanov,27,SJS,F,70,10,29,39,-5,14,3.0,8,2,0,1,23,6,0,103,9.7,1203,17:11,39,53,0,1,0.0
37,Ivan Barbashev,26,STL,C,81,26,34,60,4,40,5.9,21,4,1,2,28,5,1,111,23.4,1332,16:26,28,160,131,197,39.9
38,Riley Barber,27,DET,RW,4,0,0,0,-2,2,-0.1,0,0,0,0,0,0,0,4,0.0,34,8:27,1,3,0,0,
39,Aleksander Barkov,26,FLA,C,67,39,49,88,36,18,10.6,23,12,4,5,34,14,1,214,18.2,1360,20:18,42,50,713,539,56.9
40,Alex Barre-Boulet,24,TOT,F,16,3,3,6,0,4,0.6,3,0,0,0,2,1,0,16,18.8,176,11:00,3,10,6,9,40.0
41,Tyson Barrie,30,EDM,D,73,7,34,41,3,18,5.7,4,3,0,0,15,18,1,149,4.7,1384,18:58,73,27,0,0,
42,Justin Barron,20,TOT,D,7,1,1,2,-3,0,0.2,1,0,0,0,1,0,0,13,7.7,120,17:11,5,5,0,0,
43,Morgan Barron,23,TOT,C,27,2,3,5,-4,8,0.1,2,0,0,0,3,0,0,33,6.1,265,9:48,8,49,30,24,55.6
44,Mathew Barzal,24,NYI,C,73,15,44,59,-15,18,4.9,14,1,0,1,25,19,0,161,9.3,1315,18:01,17,36,234,271,46.3
45,Nathan Bastian,24,TOT,RW,72,12,6,18,-12,65,1.1,9,3,0,1,5,1,0,97,12.4,857,11:54,40,210,23,25,47.9
46,Drake Batherson,23,OTT,C,46,17,27,44,4,32,4.9,14,3,0,3,16,11,0,110,15.5,871,18:56,15,89,18,25,41.9
47,Gavin Bayreuther,27,CBJ,D,43,0,8,8,0,22,1.1,0,0,0,0,8,0,0,44,0.0,561,13:03,45,50,0,0,
48,Jay Beagle,36,ARI,RW,33,1,1,2,-20,27,-1.2,1,0,0,0,1,0,0,24,4.2,455,13:47,16,50,265,199,57.1
49,Jake Bean,23,CBJ,D,67,7,18,25,-5,26,3.6,7,0,0,2,13,4,1,90,7.8,1378,20:34,71,41,0,0,
50,Ethan Bear,24,CAR,D,58,5,9,14,1,20,2.9,5,0,0,2,8,1,0,97,5.2,933,16:05,41,55,0,0,
51,Nicolas Beaudin,22,CHI,D,2,0,0,0,-1,0,-0.1,0,0,0,0,0,0,0,1,0.0,12,6:10,1,0,0,0,
52,Nathan Beaulieu,29,WPG,D,24,0,4,4,-7,25,0.1,0,0,0,0,3,0,1,24,0.0,258,10:46,19,19,0,0,
53,Anthony Beauvillier,24,NYI,LW,75,12,22,34,-10,12,2.4,7,5,0,1,16,6,0,154,7.8,1263,16:50,20,39,4,6,40.0
54,Adam Beckman,20,MIN,LW,3,0,1,1,-1,2,0.0,0,0,0,0,1,0,0,4,0.0,31,10:25,1,1,0,0,
55,Pierre-Edouard Bellemare,36,TBL,LW,80,9,11,20,24,19,1.7,8,0,1,1,11,0,0,72,12.5,1101,13:45,44,88,483,452,51.7
56,Kieffer Bellows,23,NYI,LW,45,6,13,19,-1,19,1.7,6,0,0,2,9,4,0,79,7.6,534,11:52,14,103,0,1,0.0
57,Alex Belzile,30,MTL,F,11,0,0,0,0,4,-0.2,0,0,0,0,0,0,0,13,0.0,114,10:24,5,17,8,11,42.1
58,Emil Bemstrom,22,CBJ,C,41,6,5,11,-1,4,0.8,6,0,0,1,5,0,0,62,9.7,431,10:31,6,36,2,2,50.0
59,Matthew Beniers,19,SEA,C,10,3,6,9,-1,0,0.9,1,2,0,0,4,2,0,18,16.7,169,16:56,4,7,39,53,42.4
60,Jamie Benn,32,DAL,LW,82,18,28,46,-13,88,3.7,14,3,1,2,20,8,0,182,9.9,1373,16:45,60,143,492,399,55.2
61,Jordie Benn,34,MIN,D,39,1,7,8,1,10,0.9,1,0,0,0,7,0,0,37,2.7,584,14:59,41,51,0,0,
62,Sam Bennett,25,FLA,C,71,28,21,49,27,74,5.8,23,5,0,7,16,4,1,241,11.6,1203,16:57,27,119,411,466,46.9
63,Matt Benning,27,NSH,D,65,0,11,11,-24,39,0.2,0,0,0,0,11,0,0,61,0.0,1062,16:20,67,82,0,0,
64,Simon Benoit,23,ANA,D,53,1,4,5,-5,22,1.2,1,0,0,0,4,0,0,45,2.2,747,14:06,39,168,0,0,
65,Tyler Benson,23,EDM,LW,29,1,1,2,-5,18,-0.3,1,0,0,0,1,0,0,18,5.6,248,8:33,3,45,0,1,0.0
66,Patrice Bergeron,36,BOS,C,73,25,40,65,26,32,7.6,17,8,0,4,22,15,3,293,8.5,1326,18:10,45,78,991,609,61.9
67,Jacob Bernard-Docker,21,OTT,D,8,0,1,1,1,4,0.3,0,0,0,0,1,0,0,6,0.0,118,14:46,3,4,0,0,
68,Tyler Bertuzzi,26,DET,LW,68,30,32,62,-11,47,6.4,23,6,1,5,23,8,1,180,16.7,1351,19:52,41,65,6,17,26.1
69,Alex Biega,33,TOR,D,2,0,0,0,-2,0,-0.1,0,0,0,0,0,0,0,2,0.0,26,13:07,1,5,0,0,
70,Brandon Biro,23,BUF,F,1,0,0,0,0,0,0.0,0,0,0,0,0,0,0,0,,14,13:30,0,1,0,0,
71,Clark Bishop,25,OTT,C,9,0,1,1,-3,6,-0.1,0,0,0,0,1,0,0,8,0.0,75,8:21,3,12,3,3,50.0
72,Anders Bjork,25,BUF,LW,58,5,3,8,-14,10,-0.3,5,0,0,0,3,0,0,51,9.8,698,12:02,16,11,1,4,20.0
73,Kasper Bjorkqvist,24,PIT,RW,6,1,0,1,-1,2,0.1,1,0,0,0,0,0,0,8,12.5,50,8:22,2,9,0,0,
74,Oliver Bjorkstrand,26,CBJ,RW,80,28,29,57,-35,16,4.4,19,9,0,1,19,10,0,215,13.0,1436,17:57,31,85,10,13,43.5
75,Tobias Bjornfot,20,LAK,D,70,0,8,8,-12,6,1.1,0,0,0,0,8,0,0,53,0.0,1173,16:46,58,61,0,0,
76,Nick Bjugstad,29,MIN,C,57,7,6,13,-2,20,0.6,6,1,0,0,6,0,0,81,8.6,585,10:16,14,99,141,114,55.3
77,Colin Blackwell,28,TOT,C,58,10,10,20,0,14,1.8,8,0,2,1,10,0,0,77,13.0,692,11:56,24,91,83,86,49.1
78,Sammy Blais,25,NYR,LW,14,0,4,4,3,17,0.2,0,0,0,0,4,0,0,17,0.0,188,13:28,8,37,1,4,20.0
79,Nick Blankenburg,23,CBJ,D,7,1,2,3,-3,4,0.2,0,1,0,1,2,0,0,13,7.7,123,17:34,12,19,0,0,
80,Anton Blidh,26,BOS,LW,32,2,7,9,-3,24,0.4,2,0,0,0,7,0,0,28,7.1,343,10:44,17,82,0,3,0.0
81,Teddy Blueger,27,PIT,C,65,9,19,28,12,10,2.3,8,0,1,0,18,0,1,93,9.7,976,15:01,32,87,357,315,53.1
82,Brock Boeser,24,VAN,RW,71,23,23,46,-5,20,4.4,12,11,0,6,16,6,1,195,11.8,1321,18:36,26,35,27,26,50.9
83,Zach Bogosian,31,TBL,D,48,3,5,8,2,53,1.8,3,0,0,1,5,0,0,60,5.0,737,15:22,34,114,0,0,
84,Matt Boldy,20,MIN,LW,47,15,24,39,17,10,4.3,12,3,0,2,17,7,0,113,13.3,723,15:23,24,23,9,15,37.5
85,Nick Bonino,33,SJS,C,80,16,10,26,-25,18,1.4,12,3,1,0,6,4,0,137,11.7,1336,16:42,102,34,475,450,51.4
86,Adam Boqvist,21,CBJ,D,52,11,11,22,-11,12,2.9,8,3,0,1,8,3,0,64,17.2,886,17:03,47,26,0,0,
87,Jesper Boqvist,23,NJD,C,56,10,13,23,-9,10,1.7,10,0,0,1,12,1,0,74,13.5,735,13:08,16,31,168,282,37.3
88,Thomas Bordeleau,20,SJS,C,8,0,5,5,-1,0,0.3,0,0,0,0,4,1,0,13,0.0,125,15:35,4,3,40,49,44.9
89,William Borgen,25,SEA,D,36,2,6,8,1,28,1.6,2,0,0,0,6,0,0,49,4.1,550,15:17,33,89,0,0,
90,Henrik Borgström,24,CHI,C,52,4,3,7,-14,22,-0.2,4,0,0,0,2,1,0,41,9.8,547,10:31,19,26,82,122,40.2
91,Mark Borowiecki,32,NSH,D,57,0,4,4,-9,151,0.3,0,0,0,0,4,0,0,45,0.0,747,13:07,79,196,0,0,
92,Robert Bortuzzo,32,STL,D,73,1,5,6,-4,36,0.8,1,0,0,0,5,0,0,47,2.1,1003,13:44,98,135,0,0,
93,Evan Bouchard,22,EDM,D,81,12,31,43,10,28,7.0,10,2,0,1,25,5,1,205,5.9,1604,19:48,112,80,0,0,
94,Madison Bowey,26,VAN,D,2,0,0,0,-3,0,-0.2,0,0,0,0,0,0,0,0,,31,15:44,2,4,0,0,
95,Travis Boyd,28,ARI,C,74,17,18,35,-10,34,2.7,15,2,0,2,16,2,0,88,19.3,1222,16:31,55,71,420,507,45.3
96,Brian Boyle,37,PIT,C,66,11,10,21,6,27,2.1,10,0,1,1,10,0,0,87,12.6,712,10:47,39,95,165,200,45.2
97,Tyler Bozak,35,STL,C,50,3,9,12,-11,14,-0.1,2,0,1,1,7,1,1,46,6.5,609,12:10,21,20,175,212,45.2
98,Erik Brannstrom,22,OTT,D,53,0,14,14,-17,30,1.4,0,0,0,0,8,6,0,86,0.0,1048,19:46,59,39,0,0,
99,Derick Brassard,34,TOT,C,46,8,11,19,4,16,1.9,7,1,0,1,10,1,0,62,12.9,594,12:55,6,82,169,161,51.2
100,Jesper Bratt,23,NJD,W,76,26,47,73,0,16,7.4,23,3,0,6,32,15,0,197,13.2,1325,17:26,30,26,0,3,0.0
101,Justin Braun,34,TOT,D,69,6,12,18,2,36,3.9,6,0,0,0,12,0,0,73,8.2,1349,19:33,121,87,0,0,
102,Bobby Brink,20,PHI,RW,10,0,4,4,-5,0,0.0,0,0,0,0,3,1,0,18,0.0,154,15:27,2,15,3,1,75.0
103,Guillaume Brisebois,24,VAN,D,1,0,0,0,-1,0,-0.1,0,0,0,0,0,0,0,0,,4,4:13,1,0,0,0,
104,Philip Broberg,20,EDM,D,23,1,2,3,-8,8,0.0,1,0,0,0,2,0,0,29,3.4,310,13:28,10,10,0,0,
105,T.J. Brodie,31,TOR,D,82,4,24,28,20,34,5.2,4,0,0,0,21,1,2,68,5.9,1748,21:19,106,53,0,0,
106,Jonas Brodin,28,MIN,D,73,5,25,30,9,18,4.0,4,1,0,1,18,6,1,126,4.0,1711,23:26,126,42,0,0,
107,Jonny Brodzinski,28,NYR,C,22,1,1,2,1,10,0.0,1,0,0,0,1,0,0,34,2.9,239,10:51,8,8,49,48,50.5
108,Adam Brooks,25,TOT,C,25,2,1,3,2,2,0.2,2,0,0,2,1,0,0,14,14.3,224,8:57,6,11,23,34,40.4
109,Connor Brown,28,OTT,RW,64,10,29,39,-15,10,2.4,9,0,1,0,17,9,3,121,8.3,1284,20:03,37,14,48,85,36.1
110,Dustin Brown,37,LAK,RW,64,9,19,28,-3,20,2.1,8,1,0,0,17,2,0,146,6.2,943,14:44,20,88,2,8,20.0
111,Josh Brown,28,TOT,D,52,0,6,6,-7,37,1.0,0,0,0,0,6,0,0,45,0.0,739,14:13,62,118,0,0,
112,Logan Brown,23,STL,C,39,4,7,11,-3,8,0.6,4,0,0,0,6,1,0,34,11.8,397,10:11,13,22,66,102,39.3
113,Patrick Brown,29,PHI,C,44,4,5,9,-16,11,-0.1,4,0,0,0,5,0,0,51,7.8,547,12:26,36,100,242,172,58.5
114,Jacob Bryson,24,BUF,D,73,1,9,10,-9,12,2.0,0,1,0,0,3,6,0,43,2.3,1338,18:20,73,55,0,0,
115,Pavel Buchnevich,26,STL,LW,73,30,46,76,29,34,8.7,20,8,2,3,33,11,2,199,15.1,1336,18:18,15,57,13,26,33.3
116,Connor Bunnaman,23,PHI,F,15,0,0,0,-7,4,-0.5,0,0,0,0,0,0,0,10,0.0,150,10:01,2,17,57,50,53.3
117,Michael Bunting,26,TOR,LW,79,23,40,63,27,80,6.9,21,2,0,2,37,3,0,175,13.1,1228,15:33,21,85,8,8,50.0
118,Andre Burakovsky,26,COL,LW,80,22,39,61,12,18,5.9,18,4,0,5,32,7,0,149,14.8,1301,16:16,34,49,8,12,40.0
119,Brent Burns,36,SJS,D,82,10,44,54,-15,42,8.5,6,4,0,0,29,14,1,203,4.9,2144,26:09,150,55,0,1,0.0
120,Kyle Burroughs,26,VAN,D,42,1,4,5,-3,39,0.9,1,0,0,0,4,0,0,39,2.6,543,12:56,59,122,0,0,
121,Will Butcher,27,BUF,D,37,2,6,8,-10,0,0.9,2,0,0,0,4,2,0,35,5.7,610,16:29,32,11,0,0,
122,Quinton Byfield,19,LAK,C,40,5,5,10,-7,20,0.5,5,0,0,1,4,1,0,39,12.8,486,12:09,11,20,124,149,45.4
123,Bowen Byram,20,COL,D,30,5,12,17,7,12,2.9,4,1,0,2,12,0,0,49,10.2,564,18:48,26,53,0,0,
124,Paul Byron,32,MTL,LW,27,4,3,7,-8,2,0.2,4,0,0,2,3,0,0,33,12.1,340,12:36,7,66,33,36,47.8
125,Drake Caggiula,27,BUF,LW,18,2,3,5,-4,4,0.2,2,0,0,1,2,1,0,23,8.7,263,14:38,7,17,1,3,25.0
126,Kyle Capobianco,24,ARI,D,45,2,7,9,-12,38,1.0,1,1,0,1,6,1,0,40,5.0,720,16:00,46,43,0,0,
127,Michael Carcone,25,ARI,F,21,4,2,6,-8,14,0.3,4,0,0,0,2,0,0,36,11.1,259,12:19,7,31,0,7,0.0
128,Brandon Carlo,25,BOS,D,79,6,9,15,2,31,3.9,5,0,1,0,8,1,0,125,4.8,1557,19:42,104,143,0,0,
129,John Carlson,32,WSH,D,78,17,54,71,13,20,11.0,10,7,0,2,33,18,3,195,8.7,1857,23:49,112,73,0,0,
130,Gabriel Carlsson,25,CBJ,D,38,2,7,9,6,10,1.8,2,0,0,0,7,0,0,18,11.1,466,12:16,33,27,0,0,
131,Lucas Carlsson,24,FLA,D,40,3,6,9,3,10,1.3,3,0,0,0,6,0,0,41,7.3,508,12:43,29,39,0,0,
132,Ryan Carpenter,31,TOT,C,67,3,9,12,-11,36,-0.2,3,0,0,2,8,1,0,67,4.5,843,12:35,44,136,200,188,51.5
133,Sam Carrick,29,ANA,C,64,11,8,19,-12,85,1.4,11,0,0,0,8,0,0,80,13.8,734,11:28,21,122,204,209,49.4
134,Alexandre Carrier,25,NSH,D,77,3,27,30,26,50,6.4,2,1,0,0,23,3,1,95,3.2,1616,20:59,124,95,0,1,0.0
135,William Carrier,27,VEG,LW,63,9,11,20,7,34,1.8,9,0,0,0,11,0,0,120,7.5,732,11:37,24,159,4,4,50.0
136,Jeff Carter,37,PIT,C,76,19,26,45,-8,38,3.6,15,3,1,2,23,3,0,200,9.5,1343,17:40,50,99,648,489,57.0
137,Jackson Cates,24,PHI,C,11,1,0,1,-2,0,0.0,1,0,0,0,0,0,0,8,12.5,100,9:05,3,4,20,13,60.6
138,Noah Cates,22,PHI,LW,16,5,4,9,4,4,1.2,4,1,0,1,4,0,0,23,21.7,212,13:15,6,21,0,7,0.0
139,Cole Caufield,21,MTL,RW,67,23,20,43,-24,10,3.7,18,5,0,3,12,8,0,188,12.2,1118,16:41,7,18,5,5,50.0
140,Cody Ceci,28,EDM,D,78,5,23,28,8,14,4.7,5,0,0,0,20,0,3,102,4.9,1630,20:54,121,117,0,0,
141,Erik Cernak,24,TBL,D,55,1,12,13,7,46,2.6,1,0,0,0,12,0,0,86,1.2,1053,19:09,73,165,0,0,
142,Thomas Chabot,25,OTT,D,59,7,31,38,-3,26,6.1,6,1,0,1,19,12,0,173,4.0,1545,26:12,93,73,0,0,
143,Mitchell Chaffee,24,MIN,F,2,0,0,0,1,0,0.0,0,0,0,0,0,0,0,1,0.0,15,7:27,0,7,0,0,
144,Zdeno Chara,44,NYI,D,72,2,12,14,8,85,3.9,2,0,0,0,12,0,0,81,2.5,1349,18:44,90,125,0,0,
145,Jalen Chatfield,25,CAR,D,16,0,3,3,1,8,0.6,0,0,0,0,3,0,0,25,0.0,237,14:47,10,32,0,0,
146,Ben Chiarot,30,TOT,D,74,9,17,26,-14,48,3.3,7,2,0,1,15,1,1,143,6.3,1691,22:51,130,157,0,0,
147,Alex Chiasson,31,VAN,RW,67,13,9,22,4,24,2.3,7,6,0,2,5,4,0,98,13.3,779,11:37,18,68,10,13,43.5
148,Yegor Chinakhov,20,CBJ,RW,62,7,7,14,-27,16,-0.3,6,1,0,1,7,0,0,98,7.1,775,12:30,16,50,0,6,0.0
149,Declan Chisholm,22,WPG,D,2,0,0,0,1,0,0.1,0,0,0,0,0,0,0,4,0.0,26,12:57,1,1,0,0,
150,Sasha Chmelevski,22,SJS,C,19,0,8,8,2,4,0.5,0,0,0,0,8,0,0,31,0.0,251,13:11,4,20,31,48,39.2
151,Dennis Cholowski,23,TOT,D,11,0,3,3,-3,2,0.2,0,0,0,0,3,0,0,11,0.0,174,15:49,13,5,0,0,
152,Jake Christiansen,22,CBJ,D,8,1,0,1,1,0,0.3,1,0,0,0,0,0,0,4,25.0,78,9:46,6,9,0,0,
153,Jakob Chychrun,23,ARI,D,47,7,14,21,-20,47,2.4,6,1,0,2,14,0,0,141,5.0,1081,23:00,66,51,0,0,
154,Filip Chytil,22,NYR,C,67,8,14,22,-1,14,1.5,8,0,0,1,13,1,0,135,5.9,883,13:11,27,24,135,176,43.4
155,Anthony Cirelli,24,TBL,C,76,17,26,43,15,70,3.9,13,3,1,4,21,5,0,146,11.6,1392,18:19,67,75,441,507,46.5
156,Casey Cizikas,30,NYI,C,74,10,6,16,-3,48,1.0,9,0,1,3,6,0,0,91,11.0,1017,13:45,43,138,534,427,55.6
157,Fredrik Claesson,29,TBL,D,9,0,0,0,-3,0,-0.2,0,0,0,0,0,0,0,4,0.0,89,9:52,6,12,0,0,
158,Kale Clague,23,TOT,D,36,2,8,10,-10,20,1.0,2,0,0,0,5,3,0,26,7.7,603,16:44,23,14,0,0,
159,Kyle Clifford,31,TOT,LW,25,1,3,4,-5,31,-0.1,1,0,0,0,3,0,0,29,3.4,220,8:48,5,50,3,4,42.9
160,Connor Clifton,26,BOS,D,60,2,8,10,-2,32,2.1,2,0,0,0,8,0,0,80,2.5,964,16:04,62,156,0,0,
161,Cal Clutterbuck,34,NYI,RW,59,6,9,15,-6,10,0.7,5,0,1,1,9,0,0,74,8.1,828,14:03,23,229,11,4,73.3
162,Dylan Coghlan,23,VEG,D,59,3,10,13,-5,18,1.8,1,2,0,1,8,2,0,108,2.8,838,14:12,61,62,0,0,
163,Andrew Cogliano,34,TOT,LW,74,4,12,16,-18,20,0.0,3,0,1,0,11,0,1,75,5.3,938,12:40,31,104,8,13,38.1
164,Ian Cole,32,CAR,D,75,2,17,19,15,83,4.4,2,0,0,1,16,0,1,77,2.6,1286,17:09,104,110,0,0,
165,Blake Coleman,30,CGY,C,81,16,17,33,16,60,3.2,15,0,1,2,16,0,1,212,7.5,1200,14:49,44,163,2,17,10.5
166,Ross Colton,25,TBL,C,79,22,17,39,4,24,4.2,21,1,0,4,13,4,0,159,13.8,1011,12:48,36,153,303,278,52.2
167,Blake Comeau,35,DAL,RW,6,1,0,1,-1,4,0.1,1,0,0,0,0,0,0,2,50.0,69,11:28,3,13,1,0,100.0
168,J.T. Compher,26,COL,LW,70,18,15,33,6,25,2.9,13,4,1,0,13,2,0,102,17.6,1143,16:19,55,31,338,319,51.4
169,Max Comtois,23,ANA,LW,52,6,10,16,-17,46,0.4,6,0,0,0,8,2,0,72,8.3,735,14:08,17,111,22,24,47.8
170,Kevin Connauton,31,TOT,D,39,1,2,3,-3,4,0.5,1,0,0,0,2,0,0,30,3.3,510,13:05,32,74,0,0,
171,Brett Connolly,29,CHI,RW,9,0,1,1,-3,15,-0.1,0,0,0,0,1,0,0,6,0.0,76,8:24,3,7,0,0,
172,Kyle Connor,25,WPG,LW,79,47,46,93,-3,4,10.6,36,8,3,9,26,20,0,317,14.8,1720,21:47,23,32,1,6,14.3
173,Andrew Copp,27,TOT,C,72,21,32,53,15,16,5.4,16,3,2,5,24,7,1,183,11.5,1381,19:11,41,45,377,332,53.2
174,Paul Cotter,22,VEG,C,7,2,0,2,1,6,0.3,2,0,0,0,0,0,0,11,18.2,62,8:49,1,17,0,1,0.0
175,Nick Cousins,28,NSH,C,68,9,13,22,-8,31,1.2,6,3,0,1,12,1,0,103,8.7,848,12:28,28,66,23,26,46.9
176,Logan Couture,32,SJS,C,77,23,33,56,-11,18,5.4,16,5,2,3,20,12,1,199,11.6,1458,18:56,58,92,621,654,48.7
177,Sean Couturier,29,PHI,C,29,6,11,17,-6,14,1.2,4,2,0,2,7,3,1,79,7.6,591,20:24,18,22,238,190,55.6
178,Charlie Coyle,29,BOS,C,82,16,28,44,-6,32,3.4,13,3,0,5,21,6,1,131,12.2,1427,17:24,39,84,540,560,49.1
179,Dylan Cozens,20,BUF,C,79,13,25,38,-19,55,2.4,11,2,0,1,17,7,1,160,8.1,1256,15:54,22,35,383,457,45.6
180,Joseph Cramarossa,29,MIN,C,1,0,1,1,0,2,0.1,0,0,0,0,1,0,0,1,0.0,7,6:55,0,1,0,0,
181,Kyle Criscuolo,29,DET,C,6,0,2,2,1,2,0.1,0,0,0,0,2,0,0,5,0.0,57,9:33,1,6,4,9,30.8
182,Sidney Crosby,34,PIT,C,69,31,53,84,19,32,9.4,23,8,0,9,31,22,0,208,14.9,1378,19:58,37,50,760,690,52.4
183,Lawson Crouse,24,ARI,LW,65,20,14,34,-9,52,3.0,16,3,1,4,10,4,0,131,15.3,1133,17:26,36,181,16,32,33.3
184,Austin Czarnik,29,TOT,C,17,2,5,7,5,0,0.8,2,0,0,0,5,0,0,14,14.3,185,10:54,7,3,23,36,39.0
185,Kirby Dach,21,CHI,C,70,9,17,26,-18,43,0.9,7,2,0,0,12,4,1,116,7.8,1263,18:03,44,49,179,366,32.8
186,Evgenii Dadonov,32,VEG,RW,78,20,23,43,4,18,4.2,15,5,0,4,20,3,0,177,11.3,1234,15:49,25,65,1,4,20.0
187,Jonathan Dahlen,24,SJS,C,61,12,10,22,-25,12,1.3,9,3,0,2,6,4,0,105,11.4,841,13:48,34,16,0,1,0.0
188,Rasmus Dahlin,21,BUF,D,80,13,40,53,-22,68,7.1,10,3,0,3,21,18,1,170,7.6,1921,24:01,91,121,0,0,
189,Carl Dahlstrom,27,TOR,D,3,0,2,2,2,2,0.4,0,0,0,0,2,0,0,4,0.0,41,13:39,2,1,0,0,
190,Michael Dal Colle,25,NYI,LW,1,0,0,0,1,0,0.0,0,0,0,0,0,0,0,2,0.0,15,14:34,0,0,0,0,
191,Zac Dalpe,32,FLA,RW,1,0,0,0,-1,0,0.0,0,0,0,0,0,0,0,0,,6,6:08,1,2,1,3,25.0
192,Riley Damiani,21,DAL,C,7,1,1,2,0,2,0.2,1,0,0,0,1,0,0,10,10.0,60,8:32,0,4,7,7,50.0
193,Phillip Danault,28,LAK,C,79,27,24,51,14,38,6.1,25,2,0,5,19,2,3,194,13.9,1432,18:08,49,74,676,586,53.6
194,Justin Danforth,28,CBJ,RW,45,10,4,14,-5,10,1.1,10,0,0,1,3,1,0,72,13.9,566,12:34,22,85,107,92,53.8
195,Laurent Dauphin,26,MTL,C,38,4,8,12,-10,25,0.4,4,0,0,0,8,0,0,50,8.0,505,13:18,27,31,104,143,42.1
196,Jeremy Davies,25,NSH,D,6,0,2,2,-5,2,-0.1,0,0,0,0,2,0,0,5,0.0,74,12:15,1,5,0,0,
197,Sean Day,24,TBL,D,2,0,0,0,-2,0,-0.1,0,0,0,0,0,0,0,2,0.0,21,10:43,2,4,0,0,
198,Calvin de Haan,30,CHI,D,69,4,4,8,-21,33,1.4,4,0,0,0,4,0,0,107,3.7,1308,18:57,172,146,0,0,
199,Chase De Leo,26,NJD,C,2,0,0,0,-1,0,-0.1,0,0,0,0,0,0,0,2,0.0,16,8:09,0,5,0,2,0.0
200,Anthony DeAngelo,26,CAR,D,64,10,41,51,30,56,9.3,8,2,0,2,23,18,0,151,6.6,1268,19:49,59,41,0,0,
201,Alex DeBrincat,24,CHI,RW,82,41,37,78,-13,19,8.4,27,14,0,6,23,14,0,270,15.2,1710,20:51,35,101,24,40,37.5
202,Jake DeBrusk,25,BOS,LW,77,25,17,42,6,10,4.9,22,3,0,8,16,1,0,184,13.6,1158,15:02,25,62,10,12,45.5
203,Danny DeKeyser,31,DET,D,59,0,11,11,-8,26,1.5,0,0,0,0,11,0,0,57,0.0,1092,18:30,102,49,0,0,
204,Michael Del Zotto,31,OTT,D,26,3,10,13,-4,4,1.9,2,1,0,0,9,1,0,35,8.6,475,18:15,34,42,0,0,
205,Ty Dellandrea,21,DAL,C,1,0,0,0,-1,0,-0.1,0,0,0,0,0,0,0,1,0.0,11,10:37,0,3,1,2,33.3
206,Dylan DeMelo,28,WPG,D,76,1,12,13,10,28,3.1,0,0,1,0,11,0,1,78,1.3,1406,18:30,108,113,0,0,
207,Grigori Denisenko,21,FLA,LW,1,0,0,0,0,2,0.0,0,0,0,0,0,0,0,3,0.0,16,15:30,2,1,0,0,
208,Travis Dermott,25,TOT,D,60,2,5,7,9,14,2.1,2,0,0,1,5,0,0,46,4.3,920,15:20,46,55,0,0,
209,Nicolas Deslauriers,30,TOT,LW,81,8,5,13,-11,113,0.2,7,0,1,1,5,0,0,90,8.9,921,11:22,49,263,1,3,25.0
210,Connor Dewar,22,MIN,C,35,2,4,6,-4,25,-0.1,2,0,0,1,3,1,0,44,4.5,346,9:54,22,48,62,71,46.6
211,Jason Dickinson,26,VAN,C,62,5,6,11,-1,19,0.2,5,0,0,0,6,0,0,66,7.6,809,13:03,43,101,123,166,42.6
212,Brenden Dillon,31,WPG,D,79,3,17,20,16,67,4.5,3,0,0,0,17,0,0,85,3.5,1488,18:50,108,212,0,0,
213,Cam Dineen,23,ARI,D,34,0,7,7,-16,4,0.1,0,0,0,0,7,0,0,52,0.0,532,15:38,44,22,0,0,
214,Noah Dobson,22,NYI,D,80,13,38,51,-3,18,8.3,10,3,0,4,19,19,0,190,6.8,1717,21:28,154,78,0,0,
215,Max Domi,26,TOT,LW,72,11,28,39,10,55,3.6,11,0,0,1,24,4,0,104,10.6,939,13:02,9,24,39,47,45.3
216,Ryan Donato,25,SEA,C,74,16,15,31,-13,40,2.6,15,1,0,2,15,0,0,159,10.1,1021,13:48,17,70,15,23,39.5
217,Joonas Donskoi,29,SEA,RW,75,2,20,22,-10,14,0.4,2,0,0,0,16,3,1,89,2.2,1113,14:50,31,36,5,9,35.7
218,Pavel Dorofeyev,21,VEG,LW,2,0,0,0,-1,2,-0.1,0,0,0,0,0,0,0,1,0.0,13,6:30,1,0,0,0,
219,Drew Doughty,32,LAK,D,39,7,24,31,4,30,5.1,3,4,0,1,15,9,0,99,7.1,1004,25:44,53,60,0,0,
220,Nic Dowd,31,WSH,C,64,10,14,24,10,44,2.2,9,0,1,0,13,1,0,90,11.1,913,14:16,53,139,506,437,53.7
221,Justin Dowling,31,VAN,C,22,2,2,4,-3,2,0.1,2,0,0,0,2,0,0,17,11.8,211,9:35,9,10,21,19,52.5
222,Leon Draisaitl,26,EDM,C,80,55,55,110,17,40,13.3,30,24,1,11,38,17,0,278,19.8,1788,22:21,25,53,887,774,53.4
223,Hunter Drew,23,ANA,D,2,0,0,0,0,5,0.0,0,0,0,0,0,0,0,0,,20,9:52,0,5,0,0,
224,Sheldon Dries,27,VAN,C,11,2,1,3,-3,0,0.2,1,1,0,1,1,0,0,17,11.8,113,10:18,6,9,7,14,33.3
225,Jonathan Drouin,26,MTL,LW,34,6,14,20,-9,23,1.3,6,0,0,0,10,4,0,62,9.7,581,17:06,11,27,31,35,47.0
226,Jack Drury,21,CAR,C,2,2,0,2,3,2,0.4,2,0,0,0,0,0,0,6,33.3,32,15:58,2,4,12,3,80.0
227,Jamie Drysdale,19,ANA,D,81,4,28,32,-26,16,3.6,4,0,0,1,16,12,0,137,2.9,1610,19:53,72,40,0,0,
228,Dillon Dube,23,CGY,C,79,18,14,32,1,20,3.1,15,2,1,1,11,1,2,143,12.6,1014,12:50,15,87,92,102,47.4
229,Pierre-Luc Dubois,23,WPG,LW,81,28,32,60,-6,106,5.8,13,15,0,6,28,4,0,233,12.0,1533,18:55,43,112,532,603,46.9
230,Matt Duchene,31,NSH,C,78,43,43,86,6,38,10.0,27,16,0,6,30,13,0,228,18.9,1483,19:01,28,31,119,101,54.1
231,Anthony Duclair,26,FLA,LW,74,31,27,58,19,30,6.9,22,9,0,5,15,12,0,167,18.6,1110,15:00,16,38,1,1,50.0
232,Walker Duehr,24,CGY,F,1,0,0,0,0,0,0.0,0,0,0,0,0,0,0,0,,9,8:47,0,0,0,0,
233,Brandon Duhaime,24,MIN,RW,80,6,11,17,-2,122,0.4,6,0,0,1,11,0,0,91,6.6,817,10:13,18,201,8,20,28.6
234,Mathew Dumba,27,MIN,D,57,7,20,27,9,47,3.9,6,1,0,1,16,4,0,116,6.0,1317,23:06,84,114,0,0,
235,Brian Dumoulin,30,PIT,D,76,3,15,18,24,24,5.2,3,0,0,0,15,0,0,91,3.3,1658,21:49,139,88,0,0,
236,Vince Dunn,25,SEA,D,73,7,28,35,-21,63,4.1,5,2,0,0,19,9,0,121,5.8,1509,20:41,82,76,0,0,
237,Sean Durzi,23,LAK,D,64,3,24,27,-9,55,3.6,1,2,0,0,10,13,1,119,2.5,1254,19:36,121,74,0,0,
238,Christian Dvorak,25,MTL,C,56,11,22,33,-19,24,2.0,10,1,0,1,18,4,0,87,12.6,973,17:22,52,32,548,419,56.7
239,Ryan Dzingel,29,TOT,C,32,5,3,8,-5,35,0.4,5,0,0,1,3,0,0,32,15.6,439,13:43,9,20,65,88,42.5
240,Cody Eakin,30,BUF,C,69,4,8,12,-15,22,-0.4,3,1,0,1,6,1,1,74,5.4,938,13:35,29,33,482,378,56.0
241,Jordan Eberle,31,SEA,RW,79,21,23,44,-28,14,3.2,17,4,0,2,18,5,0,164,12.8,1418,17:57,40,48,6,14,30.0
242,Alexander Edler,35,LAK,D,41,3,16,19,18,34,4.3,3,0,0,1,15,0,1,54,5.6,757,18:28,70,56,0,0,
243,Joel Edmundson,28,MTL,D,24,3,3,6,-1,35,1.2,3,0,0,0,3,0,0,32,9.4,470,19:35,45,61,0,0,
244,Nikolaj Ehlers,25,WPG,LW,62,28,27,55,18,20,6.8,24,4,0,2,22,5,0,245,11.4,1120,18:04,27,32,2,1,66.7
245,Jack Eichel,25,VEG,C,34,14,11,25,3,10,2.8,11,3,0,2,6,5,0,133,10.5,659,19:24,35,45,184,195,48.5
246,Aaron Ekblad,25,FLA,D,61,15,42,57,38,26,9.5,12,3,0,2,22,17,3,180,8.3,1520,24:55,69,62,0,0,
247,Mattias Ekholm,31,NSH,D,76,6,25,31,14,44,6.0,6,0,0,1,20,4,1,145,4.1,1784,23:29,96,79,0,0,
248,William Eklund,19,SJS,LW,9,0,4,4,-3,2,0.1,0,0,0,0,1,3,0,8,0.0,129,14:20,4,4,3,5,37.5
249,Oliver Ekman-Larsson,30,VAN,D,79,5,24,29,5,52,5.5,2,3,0,1,17,7,0,168,3.0,1763,22:19,79,105,0,0,
250,Remi Elie,26,TBL,LW,1,0,0,0,-2,0,-0.1,0,0,0,0,0,0,0,2,0.0,11,10:57,0,3,0,0,
251,Lars Eller,32,WSH,C,72,13,18,31,-4,40,2.2,13,0,0,2,16,2,0,116,11.2,1161,16:07,36,95,510,521,49.5
252,Ryan Ellis,31,PHI,D,4,1,4,5,2,0,0.8,1,0,0,0,2,2,0,6,16.7,91,22:48,6,1,0,0,
253,Turner Elson,29,DET,LW,2,0,0,0,-1,0,-0.1,0,0,0,0,0,0,0,1,0.0,27,13:23,1,3,0,0,
254,Pierre Engvall,25,TOR,LW,78,15,20,35,13,30,3.3,12,1,2,3,17,2,1,154,9.7,1036,13:17,12,66,29,40,42.0
255,Tyler Ennis,32,OTT,C,57,8,16,24,-6,16,1.9,7,1,0,1,13,3,0,89,9.0,715,12:33,24,70,20,9,69.0
256,Mackenzie Entwistle,22,CHI,RW,55,5,7,12,-16,23,0.2,4,0,1,0,7,0,0,34,14.7,563,10:15,22,129,18,27,40.0
257,Loui Eriksson,36,ARI,LW,73,3,16,19,-18,6,-0.1,2,0,1,0,15,1,0,81,3.7,943,12:55,23,17,20,16,55.6
258,Joel Eriksson Ek,25,MIN,C,77,26,23,49,16,28,4.8,14,12,0,3,18,5,0,223,11.7,1431,18:35,44,138,697,768,47.6
259,Adam Erne,26,DET,LW,79,6,13,19,-22,34,-0.1,6,0,0,1,13,0,0,108,5.6,1057,13:23,43,161,34,31,52.3
260,Jake Evans,25,MTL,C,72,13,16,29,-5,22,2.1,13,0,0,0,15,0,1,124,10.5,1123,15:36,37,88,461,465,49.8
261,Michael Eyssimont,25,WPG,C,1,0,0,0,0,0,0.0,0,0,0,0,0,0,0,1,0.0,6,5:49,0,0,0,0,
262,Robby Fabbri,26,DET,C,56,17,13,30,-23,35,2.2,11,6,0,1,11,2,0,123,13.8,970,17:20,19,86,54,55,49.5
263,Dante Fabbro,23,NSH,D,66,3,21,24,13,24,4.5,3,0,0,0,21,0,0,88,3.4,1257,19:03,105,69,0,0,
264,Samuel Fagemo,21,LAK,LW,4,0,0,0,-2,0,-0.2,0,0,0,0,0,0,0,5,0.0,55,13:43,3,2,0,0,
265,Radek Faksa,28,DAL,C,77,5,14,19,-20,52,-0.2,3,1,1,1,13,0,1,89,5.6,1214,15:46,68,129,383,312,55.1
266,Joel Farabee,21,PHI,LW,63,17,17,34,-11,50,2.9,15,1,1,1,15,2,0,119,14.3,1108,17:35,38,73,41,102,28.7
267,Hudson Fasching,26,ARI,RW,11,0,0,0,-3,0,-0.3,0,0,0,0,0,0,0,3,0.0,109,9:53,6,16,1,0,100.0
268,Jesper Fast,30,CAR,RW,82,14,20,34,24,4,3.5,13,1,0,1,18,1,1,97,14.4,1214,14:49,36,109,12,17,41.4
269,Justin Faulk,29,STL,D,76,16,31,47,41,43,9.8,15,1,0,6,25,6,0,167,9.6,1763,23:12,101,149,0,0,
270,Martin Fehervary,22,WSH,D,79,8,9,17,15,26,4.7,7,0,1,2,8,0,1,96,8.3,1553,19:39,117,251,0,0,
271,Mario Ferraro,23,SJS,D,63,2,12,14,-5,16,3.5,2,0,0,1,12,0,0,49,4.1,1449,23:00,151,140,0,0,
272,Kevin Fiala,25,MIN,LW,82,33,52,85,23,52,9.2,27,5,1,7,40,12,0,262,12.6,1447,17:39,21,52,4,11,26.7
273,Christian Fischer,24,ARI,RW,53,5,5,10,-15,14,-0.2,4,1,0,0,5,0,0,76,6.6,695,13:07,22,91,76,147,34.1
274,Casey Fitzgerald,24,BUF,D,36,0,6,6,-19,36,-0.1,0,0,0,0,6,0,0,41,0.0,608,16:53,35,86,0,0,
275,Trey Fix-Wolansky,22,CBJ,RW,6,1,1,2,-1,0,0.2,1,0,0,0,1,0,0,5,20.0,38,6:17,4,7,0,0,
276,Cale Fleury,23,SEA,D,9,0,0,0,-3,0,-0.1,0,0,0,0,0,0,0,4,0.0,131,14:34,14,19,0,0,
277,Haydn Fleury,25,SEA,D,36,2,2,4,0,13,1.2,2,0,0,1,2,0,0,52,3.8,586,16:17,62,60,0,0,
278,Warren Foegele,25,EDM,LW,82,12,14,26,-9,24,1.5,10,2,0,3,13,1,0,142,8.5,1034,12:37,15,127,13,15,46.4
279,Steven Fogarty,28,BOS,C,2,0,0,0,-2,2,-0.1,0,0,0,0,0,0,0,2,0.0,21,10:18,0,0,7,10,41.2
280,Marcus Foligno,30,MIN,LW,74,23,19,42,25,112,4.6,18,5,0,3,17,2,0,98,23.5,1214,16:24,42,238,12,8,60.0
281,Nick Foligno,34,BOS,LW,64,2,11,13,-13,61,-0.2,2,0,0,0,10,1,0,99,2.0,798,12:28,31,164,22,17,56.4
282,Callan Foote,23,TBL,D,56,2,7,9,6,29,2.1,2,0,0,0,7,0,0,49,4.1,735,13:08,57,83,0,0,
283,Nolan Foote,21,NJD,LW,7,3,1,4,3,0,0.7,3,0,0,0,1,0,0,10,30.0,73,10:22,1,8,0,3,0.0
284,Derek Forbort,29,BOS,D,76,4,10,14,2,48,3.4,4,0,0,1,9,0,1,64,6.3,1376,18:07,100,133,0,0,
285,Alex Formenton,22,OTT,LW,79,18,14,32,-13,59,2.7,13,0,5,1,13,0,1,162,11.1,1221,15:27,24,101,8,12,40.0
286,Filip Forsberg,27,NSH,C,69,42,42,84,12,22,10.3,32,10,0,8,25,17,0,226,18.6,1249,18:06,48,112,1,0,100.0
287,Gustav Forsling,25,FLA,D,71,10,27,37,41,18,7.3,10,0,0,1,27,0,0,145,6.9,1507,21:13,86,45,0,0,
288,Gabriel Fortier,21,TBL,LW,10,1,0,1,-2,4,0.0,1,0,0,0,0,0,0,14,7.1,93,9:17,5,24,1,0,100.0
289,Liam Foudy,21,CBJ,C,1,0,0,0,-1,0,-0.1,0,0,0,0,0,0,0,1,0.0,12,11:51,0,1,0,0,
290,Cam Fowler,30,ANA,D,76,9,33,42,-9,14,6.6,3,6,0,1,21,12,0,124,7.3,1856,24:25,116,37,0,0,
291,Adam Fox,23,NYR,D,78,11,63,74,18,26,11.8,10,0,1,2,29,33,1,158,7.0,1865,23:54,128,30,0,0,
292,Trent Frederic,23,BOS,C,60,8,10,18,10,57,1.8,8,0,0,1,10,0,0,100,8.0,699,11:39,22,119,35,54,39.3
293,Mark Friedman,26,PIT,D,26,1,4,5,1,23,0.9,1,0,0,1,4,0,0,27,3.7,345,13:17,25,27,0,0,
294,Martin Frk,28,LAK,RW,6,2,0,2,-4,2,0.1,0,2,0,0,0,0,0,15,13.3,84,14:02,0,11,0,0,
295,Jesper Froden,27,BOS,F,7,1,0,1,4,2,0.2,1,0,0,0,0,0,0,10,10.0,90,12:52,5,8,0,0,
296,Morgan Frost,22,PHI,C,55,5,11,16,-11,14,0.5,4,1,0,0,10,1,0,85,5.9,766,13:55,29,44,226,241,48.4
297,Kurtis Gabriel,28,CHI,RW,2,0,0,0,0,0,0.0,0,0,0,0,0,0,0,0,,12,6:02,0,7,0,0,
298,Jonah Gadjovich,23,SJS,LW,43,1,2,3,-9,74,-0.4,1,0,0,0,2,0,0,36,2.8,377,8:45,14,104,1,2,33.3
299,Sam Gagner,32,DET,C,81,13,18,31,-4,32,2.4,12,0,1,0,17,1,0,132,9.8,1103,13:37,25,21,142,162,46.7
300,Alex Galchenyuk,27,ARI,C,60,6,15,21,-11,32,0.9,6,0,0,0,14,1,0,89,6.7,789,13:09,24,67,214,195,52.3
301,Brendan Gallagher,29,MTL,RW,56,7,17,24,-7,69,1.4,2,5,0,0,15,2,0,142,4.9,841,15:01,29,54,13,22,37.1
302,Jakub Galvas,22,CHI,D,6,0,0,0,0,0,0.1,0,0,0,0,0,0,0,8,0.0,109,18:10,9,2,0,0,
303,Dylan Gambrell,25,OTT,C,63,3,4,7,2,12,0.0,2,0,1,0,4,0,0,58,5.2,765,12:08,39,103,295,309,48.8
304,Rhett Gardner,25,DAL,C,4,0,0,0,-1,0,-0.1,0,0,0,0,0,0,0,0,,32,8:06,1,5,5,6,45.5
305,Conor Garland,25,VAN,RW,77,19,33,52,18,36,5.6,18,1,0,3,31,2,0,203,9.4,1263,16:24,22,52,5,5,50.0
306,Adam Gaudette,25,TOT,C,58,5,9,14,-9,17,0.6,3,2,0,1,9,0,0,94,5.3,657,11:19,10,72,56,71,44.1
307,Frederick Gaudreau,28,MIN,C,76,14,30,44,12,8,3.4,13,1,0,4,26,2,2,132,10.6,1240,16:19,43,48,461,461,50.0
308,Johnny Gaudreau,28,CGY,LW,82,40,75,115,64,26,14.7,34,6,0,9,56,19,0,262,15.3,1523,18:34,9,10,1,0,100.0
309,Brendan Gaunce,27,CBJ,C,30,5,2,7,2,12,0.8,5,0,0,0,2,0,0,44,11.4,243,8:06,9,42,66,60,52.4
310,Frederik Gauthier,26,NJD,C,8,0,0,0,-1,0,-0.2,0,0,0,0,0,0,0,4,0.0,89,11:06,3,16,33,42,44.0
311,Julien Gauthier,24,NYR,RW,49,3,4,7,-9,8,-0.1,3,0,0,1,4,0,0,69,4.3,505,10:18,14,98,1,2,33.3
312,Vladislav Gavrikov,26,CBJ,D,80,5,28,33,-3,68,4.6,5,0,0,1,27,0,1,108,4.6,1783,22:17,138,124,0,0,
313,Glenn Gawdin,24,CGY,C,2,0,0,0,0,2,0.0,0,0,0,0,0,0,0,3,0.0,18,9:15,1,1,3,8,27.3
314,Morgan Geekie,23,SEA,C,73,7,15,22,-16,18,0.9,7,0,0,0,11,4,0,97,7.2,920,12:36,23,55,351,318,52.5
315,Mason Geertsen,26,NJD,D,25,0,0,0,-6,77,-0.3,0,0,0,0,0,0,0,12,0.0,174,6:57,7,58,0,0,
316,Timothy Gettinger,23,NYR,LW,8,0,0,0,0,0,-0.1,0,0,0,0,0,0,0,3,0.0,76,9:28,5,15,2,2,50.0
317,Ryan Getzlaf,36,ANA,C,56,3,34,37,-14,29,1.8,1,2,0,1,25,9,0,104,2.9,1062,18:57,56,89,546,479,53.3
318,Mark Giordano,38,TOT,D,75,8,27,35,-9,57,4.9,6,0,2,1,15,12,0,151,5.3,1566,20:53,139,75,0,0,
319,Samuel Girard,23,COL,D,67,5,23,28,-4,20,3.5,5,0,0,1,16,7,0,79,6.3,1450,21:39,90,65,0,0,
320,Zemgus Girgensons,28,BUF,C,56,10,8,18,-7,27,1.3,7,3,0,1,7,1,0,92,10.9,828,14:47,25,81,143,144,49.8
321,Claude Giroux,34,TOT,C,75,21,44,65,-5,26,5.9,16,5,0,0,26,18,0,205,10.2,1430,19:04,16,68,733,483,60.3
322,Cody Glass,22,NSH,C,8,0,1,1,0,0,-0.1,0,0,0,0,1,0,0,9,0.0,91,11:25,4,13,20,37,35.1
323,Luke Glendening,32,DAL,C,82,9,7,16,-17,15,0.1,9,0,0,1,5,0,2,116,7.8,1157,14:07,59,179,425,299,58.7
324,Alex Goligoski,36,MIN,D,72,2,28,30,41,34,6.1,2,0,0,0,24,4,0,80,2.5,1363,18:56,96,56,0,0,
325,Barclay Goodrow,28,NYR,RW,79,13,20,33,13,69,2.9,12,0,1,2,17,0,3,116,11.2,1320,16:43,54,130,366,375,49.4
326,Shayne Gostisbehere,28,ARI,D,82,14,37,51,-23,26,6.6,12,2,0,2,20,17,0,151,9.3,1820,22:11,115,60,0,0,
327,Yanni Gourde,30,SEA,C,74,21,27,48,-13,45,4.2,17,3,1,3,20,4,3,127,16.5,1368,18:29,31,77,444,453,49.5
328,Mikael Granlund,29,NSH,C,80,11,53,64,-9,33,4.1,8,3,0,3,28,25,0,117,9.4,1633,20:25,45,92,569,637,47.2
329,Derek Grant,31,ANA,C,71,15,14,29,-16,27,2.2,12,2,1,1,13,0,1,117,12.8,1016,14:19,49,69,204,216,48.6
330,Ryan Graves,26,NJD,D,75,6,22,28,-9,24,4.1,6,0,0,0,22,0,0,111,5.4,1554,20:43,135,90,0,0,
331,Anthony Greco,28,NYR,RW,1,0,0,0,0,0,0.0,0,0,0,0,0,0,0,5,0.0,10,9:44,1,1,0,0,
332,Andy Greene,39,NYI,D,69,2,8,10,-13,10,1.8,2,0,0,0,8,0,0,52,3.8,1201,17:25,126,39,0,0,
333,Jordan Greenway,24,MIN,LW,62,10,17,27,26,69,2.6,9,1,0,3,16,1,0,110,9.1,903,14:34,31,155,18,31,36.7
334,A.J. Greer,25,NJD,LW,9,1,1,2,0,2,0.2,1,0,0,0,1,0,0,14,7.1,71,7:51,3,20,2,1,66.7
335,Noah Gregor,23,SJS,C,63,8,15,23,-21,25,1.0,8,0,0,1,12,3,0,156,5.1,941,14:56,49,118,12,23,34.3
336,Seth Griffith,29,EDM,C,1,0,0,0,1,0,0.0,0,0,0,0,0,0,0,0,,6,5:37,0,1,0,0,
337,Rocco Grimaldi,28,NSH,C,7,0,0,0,0,2,-0.1,0,0,0,0,0,0,0,8,0.0,77,10:56,0,5,6,3,66.7
338,Jordan Gross,26,COL,D,1,0,0,0,0,4,0.0,0,0,0,0,0,0,0,0,,8,8:19,0,1,0,0,
339,Benoit-Olivier Groulx,21,ANA,C,18,1,2,3,0,2,0.1,1,0,0,0,2,0,0,17,5.9,198,11:00,6,19,38,45,45.8
340,Carl Grundstrom,24,LAK,RW,54,9,6,15,4,26,1.6,9,0,0,1,6,0,0,83,10.8,588,10:53,19,134,6,13,31.6
341,Matt Grzelcyk,28,BOS,D,73,4,20,24,22,24,5.8,4,0,0,2,15,5,0,118,3.4,1367,18:44,83,40,0,0,
342,Radko Gudas,31,FLA,D,77,3,13,16,27,105,3.6,2,0,1,0,13,0,0,100,3.0,1387,18:01,118,355,0,0,
343,Erik Gudbranson,30,CGY,D,78,6,11,17,15,68,4.2,6,0,0,0,11,0,0,129,4.7,1415,18:08,92,145,0,0,
344,Jake Guentzel,27,PIT,C,76,40,44,84,13,44,9.7,33,7,0,7,29,15,0,264,15.2,1527,20:06,38,72,13,12,52.0
345,Brendan Guhle,24,ANA,D,6,0,0,0,0,0,0.1,0,0,0,0,0,0,0,6,0.0,88,14:40,4,11,0,0,
346,Denis Gurianov,24,DAL,RW,73,11,20,31,2,16,2.6,7,4,0,2,17,3,0,144,7.6,1036,14:11,32,67,0,0,
347,David Gustafsson,21,WPG,C,2,0,0,0,0,0,0.0,0,0,0,0,0,0,0,0,,5,2:28,0,0,0,4,0.0
348,Erik Gustafsson,29,CHI,D,59,3,15,18,-4,14,3.0,3,0,0,0,11,4,0,79,3.8,957,16:13,55,45,0,0,
349,Brandon Hagel,23,TOT,LW,77,25,19,44,-18,31,4.0,20,4,1,3,15,2,2,125,20.0,1259,16:21,32,63,24,33,42.1
350,Carl Hagelin,33,WSH,LW,53,3,11,14,10,20,0.8,3,0,0,1,10,0,1,71,4.2,755,14:14,12,32,4,10,28.6
351,Robert Hagg,26,TOT,D,64,1,8,9,-9,35,1.2,1,0,0,0,8,0,0,59,1.7,1025,16:01,102,138,0,0,
352,Nicolas Hague,23,VEG,D,52,4,10,14,6,38,2.9,4,0,0,0,10,0,0,116,3.4,970,18:40,80,57,0,0,
353,Libor Hajek,23,NYR,D,17,0,1,1,-10,8,-0.3,0,0,0,0,1,0,0,12,0.0,223,13:08,26,7,0,0,
354,Jani Hakanpaa,29,DAL,D,80,4,8,12,1,43,3.5,4,0,0,0,7,0,1,68,5.9,1297,16:13,112,248,0,0,
355,Jayden Halbgewachs,24,SJS,F,3,0,1,1,1,4,0.1,0,0,0,0,1,0,0,7,0.0,39,13:06,0,3,0,0,
356,Taylor Hall,30,BOS,LW,81,20,41,61,11,42,6.2,13,7,0,3,33,8,0,217,9.2,1329,16:25,36,55,18,21,46.2
357,Filip Hallander,21,PIT,C,1,0,0,0,0,0,0.0,0,0,0,0,0,0,0,0,,6,5:52,0,0,0,0,
358,Dougie Hamilton,28,NJD,D,62,9,21,30,-19,34,3.6,7,2,0,1,15,6,0,197,4.6,1316,21:13,92,87,0,0,
359,Travis Hamonic,31,TOT,D,43,4,6,10,6,14,2.7,4,0,0,0,6,0,0,82,4.9,810,18:51,93,73,0,0,
360,Noah Hanifin,25,CGY,D,81,10,38,48,27,19,8.7,9,1,0,1,25,12,1,189,5.3,1726,21:18,84,63,0,0,
361,Joel Hanley,30,DAL,D,44,2,4,6,-13,4,0.6,2,0,0,0,4,0,0,18,11.1,525,11:56,43,60,0,0,
362,Mike Hardman,22,CHI,RW,21,0,2,2,-6,11,-0.3,0,0,0,0,2,0,0,12,0.0,195,9:18,12,60,1,1,50.0
363,Jansen Harkins,24,WPG,C,77,7,6,13,-8,15,0.4,7,0,0,0,6,0,0,67,10.4,730,9:29,18,51,28,16,63.6
364,Thomas Harley,20,DAL,D,34,1,3,4,-4,6,0.9,1,0,0,0,3,0,0,36,2.8,465,13:41,30,30,0,0,
365,Ben Harpur,27,NSH,D,19,0,1,1,-10,27,-0.4,0,0,0,0,1,0,0,13,0.0,261,13:44,21,36,0,0,
366,Scott Harrington,28,CBJ,D,7,0,1,1,-4,6,-0.1,0,0,0,0,1,0,0,5,0.0,101,14:28,9,8,0,0,
367,Jordan Harris,21,MTL,D,10,1,0,1,3,8,0.5,1,0,0,0,0,0,0,9,11.1,163,16:17,11,10,0,0,
368,Ryan Hartman,27,MIN,RW,82,34,31,65,31,95,7.6,33,1,0,7,24,7,0,239,14.2,1491,18:11,48,72,513,631,44.8
369,Rafaël Harvey-Pinard,23,MTL,LW,4,1,0,1,-2,0,0.0,1,0,0,0,0,0,0,6,16.7,52,13:05,3,12,0,1,0.0
370,Santeri Hatakka,21,SJS,D,9,0,2,2,-5,2,0.0,0,0,0,0,2,0,0,3,0.0,114,12:38,7,5,0,0,
371,Garnet Hathaway,30,WSH,RW,76,14,12,26,19,57,2.9,14,0,0,4,11,0,1,124,11.3,1018,13:23,62,250,10,18,35.7
372,Erik Haula,30,BOS,LW,78,18,26,44,19,47,4.9,16,2,0,3,24,2,0,141,12.8,1177,15:06,36,129,434,372,53.8
373,John Hayden,26,BUF,C,55,2,2,4,-12,84,-0.7,2,0,0,0,2,0,0,65,3.1,597,10:51,24,104,2,7,22.2
374,Kevin Hayes,29,PHI,RW,48,10,21,31,-20,26,2.0,8,2,0,1,18,2,1,126,7.9,860,17:55,12,36,260,347,42.8
375,Zack Hayes,22,VEG,D,3,0,0,0,-2,0,-0.1,0,0,0,0,0,0,0,1,0.0,33,10:53,1,12,0,0,
376,Barrett Hayton,21,ARI,C,60,10,14,24,-8,20,1.4,8,2,0,1,11,3,0,82,12.2,967,16:07,33,84,415,447,48.1
377,Dillon Heatherington,26,OTT,D,9,0,0,0,-1,7,0.1,0,0,0,0,0,0,0,4,0.0,111,12:20,2,18,0,0,
378,Victor Hedman,31,TBL,D,82,20,65,85,26,36,13.6,14,6,0,6,33,32,0,219,9.1,2056,25:05,129,93,0,0,
379,Danton Heinen,26,PIT,C,76,18,15,33,6,16,3.5,15,3,0,1,14,1,0,138,13.0,966,12:43,33,66,0,4,0.0
380,Ville Heinola,20,WPG,D,12,0,5,5,-2,10,0.5,0,0,0,0,5,0,0,25,0.0,179,14:54,7,9,0,0,
381,Miro Heiskanen,22,DAL,D,70,5,31,36,3,24,6.6,2,3,0,1,23,8,0,156,3.2,1742,24:53,92,52,0,0,
382,Darren Helm,35,COL,C,68,7,8,15,-5,14,0.6,6,0,1,1,7,0,1,93,7.5,717,10:33,27,114,103,130,44.2
383,Adam Henrique,31,ANA,C,58,19,23,42,-2,14,4.4,13,6,0,0,18,5,0,141,13.5,1010,17:25,47,22,276,221,55.5
384,Aleksi Heponiemi,23,FLA,C,6,0,1,1,-6,2,-0.3,0,0,0,0,0,1,0,7,0.0,84,14:02,1,0,2,4,33.3
385,Tomas Hertl,28,SJS,C,82,30,34,64,-9,30,6.6,24,6,0,6,23,10,1,205,14.6,1635,19:56,57,105,769,697,52.5
386,Thomas Hickey,32,NYI,D,2,0,0,0,-3,0,-0.2,0,0,0,0,0,0,0,0,,39,19:29,3,2,0,0,
387,Matthew Highmore,25,VAN,LW,46,5,7,12,1,14,0.8,4,1,0,0,7,0,0,61,8.2,584,12:42,38,41,3,5,37.5
388,Cameron Hillis,21,MTL,C,1,0,0,0,0,0,0.0,0,0,0,0,0,0,0,2,0.0,10,10:15,0,0,2,2,50.0
389,Vinnie Hinostroza,27,BUF,C,62,13,12,25,-11,24,2.1,12,1,0,2,12,0,0,92,14.1,860,13:52,13,25,12,16,42.9
390,Roope Hintz,25,DAL,LW,80,37,35,72,15,28,8.9,25,9,3,7,19,15,1,213,17.4,1443,18:02,53,82,357,317,53.0
391,Taro Hirose,25,DET,LW,15,1,3,4,-5,4,0.0,0,1,0,0,2,1,0,10,10.0,160,10:40,2,9,1,1,50.0
392,Nico Hischier,23,NJD,C,70,21,39,60,-1,17,5.6,17,4,0,2,29,8,2,153,13.7,1354,19:21,48,50,730,672,52.1
393,Hayden Hodgson,25,PHI,RW,6,1,2,3,-1,11,0.2,1,0,0,0,2,0,0,10,10.0,79,13:12,2,12,1,1,50.0
394,Mike Hoffman,32,MTL,C,67,15,20,35,-24,32,2.2,11,4,0,3,11,9,0,154,9.7,1142,17:03,29,27,12,8,60.0
395,Gregory Hofmann,29,CBJ,C,24,2,5,7,6,8,0.6,2,0,0,2,5,0,0,33,6.1,300,12:30,10,23,0,8,0.0
396,Linus Hogberg,23,PHI,D,5,0,2,2,0,2,0.3,0,0,0,0,2,0,0,3,0.0,85,17:04,8,0,0,0,
397,Nils Hoglander,21,VAN,LW,60,10,8,18,-6,24,1.3,9,1,0,0,6,2,0,132,7.6,785,13:05,16,41,0,1,0.0
398,Nick Holden,34,OTT,D,76,5,14,19,0,12,4.2,5,0,0,1,14,0,0,75,6.7,1509,19:51,112,115,0,1,0.0
399,Justin Holl,30,TOR,D,69,3,20,23,14,41,4.1,2,0,1,1,18,0,2,64,4.7,1394,20:12,104,129,0,0,
400,Alexander Holtz,20,NJD,RW,9,0,2,2,-5,2,-0.2,0,0,0,0,1,1,0,12,0.0,110,12:16,2,5,0,0,
401,Patric Hornqvist,35,FLA,RW,65,11,17,28,-5,19,1.8,8,3,0,0,13,4,0,165,6.7,824,12:40,23,112,8,13,38.1
402,Bo Horvat,26,VAN,C,70,31,21,52,3,40,6.0,17,13,1,4,15,6,0,194,16.0,1366,19:31,45,96,841,634,57.0
403,Brett Howden,23,VEG,C,47,9,11,20,9,12,2.3,9,0,0,2,9,0,2,39,23.1,501,10:39,36,62,140,151,48.1
404,Filip Hronek,24,DET,D,78,5,33,38,-29,36,3.7,3,2,0,0,28,5,0,133,3.8,1718,22:02,81,70,0,0,
405,Jonathan Huberdeau,28,FLA,LW,80,30,85,115,35,54,11.9,22,5,3,7,50,33,2,222,13.5,1554,19:25,28,99,18,36,33.3
406,Jack Hughes,20,NJD,C,49,26,30,56,-16,0,5.8,20,6,0,2,22,8,0,165,15.8,959,19:34,15,6,122,231,34.6
407,Quinn Hughes,22,VAN,D,76,8,60,68,10,28,10.1,8,0,0,1,27,31,2,150,5.3,1919,25:15,56,19,0,0,
408,Brad Hunt,33,VAN,D,50,3,14,17,-3,12,2.5,3,0,0,0,12,2,0,67,4.5,763,15:15,48,22,0,0,
409,Dryden Hunt,26,NYR,LW,76,6,11,17,-10,52,0.4,6,0,0,2,11,0,0,94,6.4,934,12:17,17,153,5,15,25.0
410,Ben Hutton,28,VEG,D,58,3,10,13,7,32,2.7,3,0,0,0,10,0,0,78,3.8,897,15:28,72,49,0,0,
411,Grant Hutton,26,NYI,D,16,1,0,1,-1,4,0.4,1,0,0,0,0,0,0,22,4.5,227,14:11,12,15,0,0,
412,Zach Hyman,29,EDM,C,76,27,27,54,-9,36,4.8,21,5,1,4,19,5,3,213,12.7,1479,19:28,31,74,41,44,48.2
413,Alex Iafallo,28,LAK,C,79,17,20,37,4,8,3.3,13,3,1,2,16,3,1,215,7.9,1462,18:30,53,48,15,17,46.9
414,Bokondji Imama,25,ARI,LW,4,1,0,1,-2,5,0.1,1,0,0,0,0,0,0,3,33.3,18,4:31,0,10,0,0,
415,Matt Irwin,34,WSH,D,17,1,3,4,0,6,0.7,1,0,0,0,3,0,0,29,3.4,215,12:39,21,36,0,0,
416,Mark Jankowski,27,BUF,C,19,2,3,5,2,4,0.4,2,0,0,1,3,0,0,14,14.3,259,13:39,8,5,86,93,48.0
417,Mattias Janmark,29,VEG,C,67,9,16,25,3,21,1.8,7,0,2,1,15,0,1,89,10.1,961,14:21,28,19,11,16,40.7
418,Calle Jarnkrok,30,TOT,C,66,12,18,30,-14,6,1.9,10,2,0,1,14,4,0,101,11.9,1058,16:02,17,38,239,228,51.2
419,Christian Jaros,25,NJD,D,11,0,0,0,-4,2,-0.2,0,0,0,0,0,0,0,9,0.0,121,11:01,10,21,0,0,
420,Seth Jarvis,19,CAR,C,68,17,23,40,11,18,4.3,15,2,0,4,19,4,0,110,15.5,944,13:53,21,69,11,14,44.0
421,Dmitrij Jaskin,28,ARI,RW,12,0,1,1,-6,4,-0.4,0,0,0,0,1,0,0,23,0.0,177,14:47,9,47,5,5,50.0
422,Tanner Jeannot,24,NSH,F,81,24,17,41,2,130,4.1,21,2,1,5,16,1,0,124,19.4,1295,15:59,64,318,10,14,41.7
423,Jan Jenik,21,ARI,RW,13,2,1,3,-6,11,0.0,2,0,0,1,1,0,0,22,9.1,139,10:41,4,25,8,11,42.1
424,Boone Jenner,28,CBJ,C,59,23,21,44,-11,22,3.9,15,8,0,3,19,2,0,160,14.4,1207,20:28,56,80,642,556,53.6
425,Nick Jensen,31,WSH,D,76,5,16,21,32,21,6.0,5,0,0,1,16,0,0,88,5.7,1470,19:21,92,135,0,0,
426,Lucas Johansen,24,WSH,D,1,0,1,1,1,0,0.2,0,0,0,0,1,0,0,0,,12,12:18,0,0,0,0,
427,Ryan Johansen,29,NSH,C,79,26,37,63,-2,53,6.2,15,11,0,6,24,13,0,118,22.0,1309,16:34,35,72,691,622,52.6
428,Marcus Johansson,31,TOT,C,69,9,20,29,-26,4,1.1,6,3,0,2,13,7,0,111,8.1,1113,16:08,26,31,41,57,41.8
429,Erik Johnson,33,COL,D,77,8,17,25,22,24,5.3,7,0,1,1,15,1,1,139,5.8,1330,17:17,136,165,0,0,
430,Jack Johnson,35,COL,D,74,1,8,9,5,42,1.9,1,0,0,0,7,0,1,57,1.8,1239,16:45,68,91,0,0,
431,Kent Johnson,19,CBJ,C,9,0,3,3,2,2,0.2,0,0,0,0,1,2,0,5,0.0,112,12:27,1,4,0,0,
432,Reese Johnson,23,CHI,F,37,1,5,6,-13,16,-0.4,1,0,0,0,5,0,0,24,4.2,393,10:38,14,141,107,105,50.5
433,Tyler Johnson,31,CHI,C,26,3,4,7,-8,12,0.2,3,0,0,0,2,2,0,30,10.0,337,12:59,7,37,31,20,60.8
434,Andreas Johnsson,27,NJD,LW,71,13,22,35,4,30,3.1,12,1,0,0,22,0,0,114,11.4,1020,14:22,22,64,4,10,28.6
435,Ross Johnston,27,NYI,LW,32,2,5,7,-3,44,0.3,2,0,0,0,5,0,0,9,22.2,329,10:16,16,90,0,1,0.0
436,Henri Jokiharju,22,BUF,D,60,3,16,19,-8,20,3.1,3,0,0,0,12,4,0,83,3.6,1313,21:53,60,73,0,0,
437,Ben Jones,22,VEG,F,2,0,0,0,0,2,0.0,0,0,0,0,0,0,0,1,0.0,16,8:03,1,4,0,0,
438,Caleb Jones,24,CHI,D,51,5,10,15,-3,18,2.9,5,0,0,1,9,1,0,57,8.8,853,16:43,58,77,0,0,
439,Max Jones,23,ANA,LW,2,0,0,0,-1,15,-0.1,0,0,0,0,0,0,0,2,0.0,20,9:54,0,2,1,1,50.0
440,Seth Jones,27,CHI,D,78,5,46,51,-37,28,5.4,5,0,0,0,26,19,1,194,2.6,2045,26:13,155,99,0,0,
441,Zachary Jones,21,NYR,D,12,0,2,2,-7,0,-0.1,0,0,0,0,2,0,0,8,0.0,182,15:10,13,4,0,0,
442,Axel Jonsson Fjällby,23,WSH,LW,23,2,2,4,0,4,0.2,2,0,0,0,2,0,0,29,6.9,257,11:11,8,18,1,3,25.0
443,Mathieu Joseph,24,TOT,RW,69,12,18,30,12,29,2.8,10,0,2,3,16,0,2,86,14.0,980,14:12,27,106,20,28,41.7
444,Pierre-Olivier Joseph,22,PIT,D,4,0,0,0,-2,2,-0.1,0,0,0,0,0,0,0,7,0.0,73,18:14,4,6,0,0,
445,Dakota Joshua,25,STL,C,30,3,5,8,6,16,0.8,3,0,0,2,5,0,0,31,9.7,255,8:30,10,77,40,35,53.3
446,Roman Josi,31,NSH,D,80,23,73,96,13,46,13.9,12,11,0,2,47,26,0,281,8.2,2044,25:33,133,66,0,0,
447,Tyson Jost,23,TOT,C,80,8,12,20,2,34,0.7,8,0,0,2,11,0,1,97,8.2,1026,12:49,37,55,172,254,40.4
448,Olli Juolevi,23,TOT,D,18,0,0,0,-1,6,0.0,0,0,0,0,0,0,0,18,0.0,230,12:45,10,14,0,0,
449,Noah Juulsen,24,VAN,D,8,0,2,2,-4,0,0.0,0,0,0,0,2,0,0,6,0.0,117,14:41,11,20,0,0,
450,Nazem Kadri,31,COL,C,71,28,59,87,13,71,8.9,20,8,0,6,38,21,0,247,11.3,1366,19:14,19,52,585,592,49.7
451,Kaapo Kakko,20,NYR,RW,43,7,11,18,9,10,1.7,6,1,0,2,10,1,0,62,11.3,664,15:27,15,8,1,6,14.3
452,Arthur Kaliyev,20,LAK,RW,80,14,13,27,-3,37,2.4,8,6,0,2,10,3,0,194,7.2,1012,12:39,12,31,0,0,
453,Wyatt Kalynuk,24,CHI,D,5,0,0,0,-3,2,-0.1,0,0,0,0,0,0,0,1,0.0,60,12:00,0,9,0,0,
454,David Kampf,27,TOR,C,82,11,15,26,12,20,1.6,9,0,2,1,13,0,2,102,10.8,1252,15:16,26,80,616,549,52.9
455,Evander Kane,30,EDM,LW,43,22,17,39,25,60,5.3,17,3,2,3,15,1,1,152,14.5,836,19:27,11,135,9,11,45.0
456,Patrick Kane,33,CHI,RW,78,26,66,92,-19,18,8.1,17,9,0,2,44,22,0,287,9.1,1702,21:49,26,11,4,4,50.0
457,Kasperi Kapanen,25,PIT,RW,79,11,21,32,2,16,2.3,11,0,0,2,16,5,0,129,8.5,1148,14:32,19,110,5,7,41.7
458,Kirill Kaprizov,24,MIN,LW,81,47,61,108,27,34,12.8,33,14,0,5,44,17,0,289,16.3,1548,19:06,29,73,5,4,55.6
459,Erik Karlsson,31,SJS,D,50,10,25,35,-14,14,5.2,10,0,0,2,15,10,0,117,8.5,1174,23:28,45,18,0,0,
460,William Karlsson,29,VEG,C,67,12,23,35,3,10,2.6,9,1,2,0,21,2,0,135,8.9,1225,18:17,42,42,508,475,51.7
461,Fredrik Karlstrom,24,DAL,C,3,0,1,1,2,0,0.1,0,0,0,0,1,0,0,1,0.0,19,6:12,0,0,0,0,
462,Ondrej Kase,26,TOR,RW,50,14,13,27,4,14,2.8,9,4,1,2,9,4,0,119,11.8,699,13:59,32,29,2,9,18.2
463,Zack Kassian,31,EDM,RW,58,6,13,19,2,63,1.3,4,2,0,1,13,0,0,58,10.3,684,11:47,6,154,3,4,42.9
464,Mark Kastelic,22,OTT,C,16,2,2,4,-1,14,0.3,2,0,0,1,2,0,0,11,18.2,147,9:11,10,51,70,50,58.3
465,Boris Katchouk,23,TOT,LW,59,3,4,7,-7,39,-0.3,3,0,0,1,4,0,0,58,5.2,585,9:55,20,138,7,12,36.8
466,Martin Kaut,22,COL,RW,6,0,0,0,2,0,0.0,0,0,0,0,0,0,0,1,0.0,53,8:49,3,6,0,0,
467,Joey Keane,22,CAR,D,1,0,0,0,0,2,0.0,0,0,0,0,0,0,0,1,0.0,14,13:38,0,1,0,0,
468,Duncan Keith,38,EDM,D,64,1,20,21,15,22,4.0,1,0,0,1,18,2,0,79,1.3,1263,19:44,114,22,0,0,
469,Clayton Keller,23,ARI,C,67,28,35,63,3,28,6.7,22,5,1,2,28,6,1,177,15.8,1349,20:08,31,17,29,39,42.6
470,Parker Kelly,22,OTT,F,41,7,5,12,-4,60,1.1,7,0,0,0,5,0,0,48,14.6,434,10:35,30,131,0,2,0.0
471,Adrian Kempe,25,LAK,LW,78,35,19,54,-2,46,6.5,26,6,3,7,9,10,0,247,14.2,1450,18:35,28,111,25,25,50.0
472,Michal Kempny,31,WSH,D,15,1,1,2,-3,16,0.3,1,0,0,0,1,0,0,10,10.0,238,15:50,19,22,0,0,
473,Alexander Kerfoot,27,TOR,C,82,13,38,51,19,20,4.5,13,0,0,1,34,1,3,117,11.1,1248,15:13,65,75,76,102,42.7
474,Tanner Kero,29,DAL,RW,23,0,3,3,-5,0,-0.2,0,0,0,0,3,0,0,14,0.0,220,9:34,9,12,9,5,64.3
475,Phil Kessel,34,ARI,RW,82,8,44,52,-24,40,2.7,6,2,0,0,32,12,0,175,4.6,1368,16:41,21,6,4,8,33.3
476,Jujhar Khaira,27,CHI,LW,27,3,0,3,-4,13,-0.1,3,0,0,0,0,0,0,32,9.4,367,13:36,14,88,53,48,52.5
477,Matt Kiersted,23,FLA,D,10,1,1,2,-8,2,-0.3,1,0,0,0,1,0,0,11,9.1,140,14:03,17,10,0,0,
478,Alex Killorn,32,TBL,C,82,25,34,59,1,66,5.4,19,6,0,2,26,8,0,164,15.2,1533,18:42,26,88,2,10,16.7
479,Bryce Kindopp,22,ANA,F,1,0,0,0,0,0,0.0,0,0,0,0,0,0,0,2,0.0,6,6:06,0,0,0,1,0.0
480,Joel Kiviranta,25,DAL,F,56,1,6,7,-6,10,-0.2,1,0,0,0,6,0,0,59,1.7,533,9:31,23,97,0,3,0.0
481,John Klingberg,29,DAL,D,74,6,41,47,-28,34,5.4,5,1,0,2,22,19,0,139,4.3,1643,22:13,77,57,0,0,
482,Artemi Kniazev,21,SJS,D,1,0,0,0,-2,0,-0.1,0,0,0,0,0,0,0,2,0.0,12,11:59,0,1,0,0,
483,Slater Koekkoek,27,EDM,D,19,0,4,4,2,16,0.7,0,0,0,0,4,0,0,11,0.0,212,11:10,18,21,0,0,
484,Otto Koivula,23,NYI,LW,8,0,2,2,-2,0,0.0,0,0,0,0,2,0,0,8,0.0,86,10:45,4,8,22,30,42.3
485,Keegan Kolesar,24,VEG,RW,77,7,17,24,-6,68,1.1,5,1,1,0,17,0,0,94,7.4,974,12:39,46,246,76,112,40.4
486,Vladislav Kolyachonok,20,ARI,D,32,1,2,3,0,6,0.9,1,0,0,0,2,0,0,24,4.2,507,15:51,36,39,0,0,
487,Leo Komarov,35,NYI,C,1,0,0,0,0,2,0.0,0,0,0,0,0,0,0,0,,11,10:50,0,3,1,0,100.0
488,Travis Konecny,24,PHI,C,79,16,36,52,-23,77,3.8,13,3,0,3,29,7,0,220,7.3,1391,17:37,34,80,13,18,41.9
489,Anze Kopitar,34,LAK,C,81,19,48,67,-6,14,5.7,13,6,0,4,31,16,1,210,9.0,1682,20:46,71,72,858,651,56.9
490,Kaedan Korczak,21,VEG,D,1,0,0,0,1,0,0.1,0,0,0,0,0,0,0,0,,17,16:37,1,0,0,0,
491,Klim Kostin,22,STL,C,40,4,5,9,-3,23,0.5,4,0,0,1,5,0,0,31,12.9,361,9:01,9,90,2,2,50.0
492,Jesperi Kotkaniemi,21,CAR,C,66,12,17,29,3,37,2.7,12,0,0,3,13,4,0,81,14.8,794,12:01,15,74,176,168,51.2
493,Johnathan Kovacevic,24,WPG,D,4,0,0,0,1,2,0.1,0,0,0,0,0,0,0,7,0.0,43,10:49,3,0,0,0,
494,Peyton Krebs,21,TOT,C,57,7,15,22,-26,22,0.6,7,0,0,2,5,10,0,56,12.5,831,14:35,8,25,61,112,35.3
495,Chris Kreider,30,NYR,LW,81,52,25,77,19,24,10.8,23,26,3,11,16,9,0,258,20.2,1517,18:44,39,141,67,70,48.9
496,Torey Krug,30,STL,D,64,9,34,43,23,48,7.2,5,3,1,1,18,16,0,119,7.6,1316,20:34,70,53,0,0,
497,Dominik Kubalík,26,CHI,LW,78,15,17,32,-16,16,2.3,12,3,0,0,11,6,0,161,9.3,1133,14:31,28,93,8,12,40.0
498,Nikita Kucherov,28,TBL,RW,47,25,44,69,1,22,7.4,16,9,0,1,23,21,0,156,16.0,939,19:59,7,32,1,0,100.0
499,Karson Kuhlman,26,TOT,C,44,3,7,10,-2,6,0.4,3,0,0,0,7,0,0,68,4.4,524,11:54,20,71,0,2,0.0
500,Dean Kukan,28,CBJ,D,41,3,8,11,-2,16,1.6,3,0,0,0,8,0,0,41,7.3,668,16:18,39,43,0,0,
501,Brett Kulak,28,TOT,D,74,5,16,21,-4,45,3.2,5,0,0,0,15,0,1,92,5.4,1314,17:45,63,103,0,0,
502,Dmitry Kulikov,31,MIN,D,80,7,17,24,23,39,4.7,7,0,0,2,17,0,0,74,9.5,1456,18:12,103,100,0,0,
503,Luke Kunin,24,NSH,C,82,13,9,22,-11,99,1.0,13,0,0,0,7,2,0,125,10.4,1134,13:50,51,223,48,61,44.0
504,Janne Kuokkanen,23,NJD,C,57,6,11,17,-10,10,0.6,4,1,1,1,11,0,0,64,9.4,769,13:29,22,33,2,14,12.5
505,Rasmus Kupari,21,LAK,C,57,5,8,13,-5,18,0.6,3,1,1,1,6,2,0,51,9.8,673,11:48,17,68,129,174,42.6
506,Sean Kuraly,29,CBJ,C,77,14,16,30,2,61,2.2,14,0,0,0,14,1,1,121,11.6,1221,15:52,51,240,628,642,49.4
507,Philipp Kurashev,22,CHI,C,67,6,15,21,-16,12,0.8,4,2,0,1,12,3,0,86,7.0,861,12:51,30,31,51,70,42.1
508,Evgeny Kuznetsov,29,WSH,C,79,24,54,78,7,44,7.6,13,8,3,4,33,19,2,208,11.5,1602,20:17,25,42,507,659,43.5
509,Oliver Kylington,24,CGY,D,73,9,22,31,34,14,7.2,8,1,0,2,20,2,0,138,6.5,1326,18:10,79,40,0,0,
510,Jordan Kyrou,23,STL,C,74,27,48,75,10,20,7.8,22,5,0,4,33,14,1,188,14.4,1227,16:35,23,6,6,9,40.0
511,Kevin Labanc,26,SJS,RW,21,3,3,6,-4,6,0.4,1,2,0,1,1,2,0,36,8.3,279,13:17,9,28,0,1,0.0
512,Tanner Laczynski,24,PHI,C,1,0,0,0,-1,0,-0.1,0,0,0,0,0,0,0,0,,9,9:27,1,3,2,3,40.0
513,Andrew Ladd,36,ARI,LW,51,7,5,12,-20,47,-0.1,4,3,0,0,4,1,0,57,12.3,720,14:07,33,68,7,3,70.0
514,Paul Ladue,29,NYI,D,1,0,0,0,-2,0,-0.1,0,0,0,0,0,0,0,1,0.0,13,12:47,1,2,0,0,
515,Sam Lafferty,26,TOT,C,56,5,8,13,-16,37,0.0,5,0,0,1,8,0,0,80,6.3,760,13:34,26,137,108,155,41.1
516,Alexis Lafreniere,20,NYR,LW,79,19,12,31,2,37,3.2,19,0,0,4,10,2,0,110,17.3,1105,13:59,26,108,14,34,29.2
517,William Lagesson,25,TOT,D,33,0,5,5,3,13,1.0,0,0,0,0,5,0,0,33,0.0,415,12:35,20,40,0,0,
518,Patrik Laine,23,CBJ,RW,56,26,30,56,-7,24,5.8,21,5,0,7,21,9,0,167,15.6,1054,18:50,13,34,14,24,36.8
519,Maxime Lajoie,24,CAR,D,5,0,0,0,2,0,0.2,0,0,0,0,0,0,0,6,0.0,63,12:32,5,3,0,0,
520,Juho Lammikko,26,VAN,RW,75,7,8,15,-6,14,0.4,7,0,0,2,8,0,0,67,10.4,921,12:17,46,93,354,340,51.0
521,Gabriel Landeskog,29,COL,LW,51,30,29,59,27,78,7.5,23,7,0,5,21,8,0,150,20.0,1036,20:19,34,94,241,198,54.9
522,Hendrix Lapierre,19,WSH,C,6,1,0,1,2,2,0.2,1,0,0,0,0,0,0,7,14.3,58,9:35,2,1,6,17,26.1
523,Dylan Larkin,25,DET,C,71,31,38,69,-18,47,6.8,25,6,0,4,30,7,1,212,14.6,1396,19:39,28,76,630,574,52.3
524,Adam Larsson,29,SEA,D,82,8,17,25,-23,55,3.5,8,0,0,3,16,1,0,119,6.7,1827,22:17,140,183,0,0,
525,Jacob Larsson,24,ANA,D,6,0,1,1,-3,2,0.0,0,0,0,0,1,0,0,5,0.0,92,15:16,5,1,0,0,
526,Johan Larsson,29,TOT,LW,43,7,14,21,-4,32,1.4,5,2,0,1,13,1,0,44,15.9,684,15:55,25,70,195,227,46.2
527,Scott Laughton,27,PHI,C,67,11,19,30,-9,35,2.1,9,0,2,1,18,1,0,110,10.0,1100,16:25,47,151,395,379,51.0
528,Jeremy Lauzon,24,TOT,D,66,2,5,7,-6,81,1.6,2,0,0,0,5,0,0,75,2.7,1166,17:40,63,224,0,0,
529,Curtis Lazar,26,BOS,C,70,8,8,16,-2,16,1.0,8,0,0,0,7,0,1,95,8.4,840,12:00,51,186,136,142,48.9
530,Brett Leason,22,WSH,RW,36,3,3,6,1,4,0.4,3,0,0,0,3,0,0,45,6.7,322,8:57,14,16,3,5,37.5
531,Nick Leddy,30,TOT,D,75,3,21,24,-30,22,1.7,3,0,0,0,15,6,0,71,4.2,1606,21:25,67,37,0,0,
532,Anders Lee,31,NYI,LW,76,28,18,46,-11,34,5.1,19,9,0,3,14,4,0,159,17.6,1264,16:38,30,94,65,69,48.5
533,Artturi Lehkonen,26,TOT,LW,74,19,19,38,1,22,3.7,15,2,2,2,18,1,0,155,12.3,1117,15:06,39,82,8,21,27.6
534,Josh Leivo,28,CAR,LW,7,1,2,3,1,2,0.3,1,0,0,0,2,0,0,10,10.0,65,9:14,1,4,0,0,
535,Brendan Lemieux,25,LAK,LW,50,8,5,13,1,97,1.3,8,0,0,2,5,0,0,65,12.3,537,10:45,17,122,11,13,45.8
536,John Leonard,23,SJS,LW,14,1,1,2,-5,0,-0.1,1,0,0,0,0,1,0,25,4.0,158,11:17,8,13,1,1,50.0
537,Jake Leschyshyn,22,VEG,C,41,2,4,6,-2,8,-0.1,2,0,0,0,4,0,0,35,5.7,463,11:18,23,45,122,143,46.0
538,Kris Letang,34,PIT,D,78,10,58,68,20,49,10.6,8,2,0,3,38,20,0,214,4.7,2011,25:47,122,171,0,0,
539,Vinni Lettieri,26,ANA,C,31,5,5,10,-8,6,0.6,3,2,0,0,2,3,0,50,10.0,388,12:31,17,40,12,11,52.2
540,Tyler Lewington,27,BOS,D,2,0,0,0,-1,7,0.0,0,0,0,0,0,0,0,2,0.0,25,12:27,2,1,0,0,
541,Trevor Lewis,35,CGY,C,80,6,10,16,-1,12,0.3,5,0,1,1,9,1,0,108,5.6,1027,12:50,40,176,77,105,42.3
542,Timothy Liljegren,22,TOR,D,61,5,18,23,15,14,4.2,4,1,0,0,17,1,0,79,6.3,1000,16:24,60,87,0,0,
543,Kole Lind,23,SEA,RW,23,2,6,8,-1,12,0.5,2,0,0,0,6,0,0,31,6.5,272,11:50,10,18,6,11,35.3
544,Oskar Lindblom,25,PHI,LW,79,12,14,26,-11,22,1.7,12,0,0,1,13,1,0,127,9.4,1090,13:48,48,83,8,14,36.4
545,Petteri Lindbohm,28,FLA,D,9,0,1,1,0,5,0.1,0,0,0,0,1,0,0,9,0.0,127,14:03,8,25,0,0,
546,Esa Lindell,27,DAL,D,76,4,21,25,4,12,5.5,3,0,1,0,16,3,2,136,2.9,1675,22:03,148,111,0,1,0.0
547,Ryan Lindgren,23,NYR,D,78,4,11,15,18,48,5.1,4,0,0,1,11,0,0,73,5.5,1568,20:06,141,129,0,0,
548,Elias Lindholm,27,CGY,C,82,42,40,82,61,22,11.4,31,10,1,9,30,9,1,235,17.9,1635,19:57,52,66,842,750,52.9
549,Hampus Lindholm,28,TOT,D,71,5,22,27,10,46,5.8,4,1,0,1,17,4,1,142,3.5,1598,22:30,92,70,0,0,
550,Gustav Lindstrom,23,DET,D,63,1,12,13,-12,22,1.5,1,0,0,0,12,0,0,41,2.4,1015,16:07,77,59,0,0,
551,Blake Lizotte,24,LAK,C,70,10,14,24,15,28,2.6,9,0,1,2,12,0,2,91,11.0,851,12:10,12,74,313,294,51.6
552,Jon Lizotte,27,MIN,D,1,0,0,0,0,2,0.0,0,0,0,0,0,0,0,1,0.0,15,14:43,4,3,0,0,
553,William Lockwood,23,VAN,RW,13,0,0,0,-3,9,-0.3,0,0,0,0,0,0,0,13,0.0,147,11:20,9,49,0,0,
554,Viktor Lodin,22,OTT,C,1,0,0,0,0,0,0.0,0,0,0,0,0,0,0,3,0.0,10,10:25,0,0,0,0,
555,Ryan Lomberg,27,FLA,LW,55,9,9,18,4,92,1.4,9,0,0,1,8,0,1,91,9.9,627,11:24,7,117,1,6,14.3
556,Steven Lorentz,25,CAR,C,67,8,5,13,0,8,0.8,8,0,0,1,5,0,0,80,10.0,730,10:53,13,67,51,61,45.5
557,Adam Lowry,28,WPG,LW,79,13,8,21,1,59,1.3,10,0,3,0,4,2,2,115,11.3,1223,15:29,43,231,564,500,53.0
558,Milan Lucic,33,CGY,LW,82,10,11,21,-9,84,0.9,8,2,0,0,10,1,0,95,10.5,1005,12:15,22,209,19,15,55.9
559,Matt Luff,24,NSH,RW,23,3,3,6,3,4,0.6,3,0,0,1,3,0,0,26,11.5,216,9:24,4,29,2,0,100.0
560,Anton Lundell,20,FLA,C,65,18,26,44,33,18,5.0,16,1,1,4,20,3,3,125,14.4,1023,15:44,56,26,334,414,44.7
561,Isac Lundestrom,22,ANA,C,80,16,13,29,-3,8,2.4,12,0,4,3,13,0,0,83,19.3,1239,15:29,55,38,391,488,44.5
562,Nils Lundkvist,21,NYR,D,25,1,3,4,4,0,1.2,0,1,0,0,2,1,0,32,3.1,348,13:56,15,15,0,0,
563,Eetu Luostarinen,23,FLA,C,78,9,17,26,1,12,1.2,7,0,2,4,15,1,1,84,10.7,1048,13:26,46,103,321,481,40.0
564,Ilya Lyubushkin,27,TOT,D,77,2,13,15,-2,51,2.6,2,0,0,0,12,0,1,54,3.7,1344,17:27,92,187,0,0,
565,Olli Maatta,27,LAK,D,66,1,7,8,17,10,3.4,1,0,0,0,7,0,0,61,1.6,1207,18:17,94,67,0,0,
566,Matias Maccelli,21,ARI,LW,23,1,5,6,-10,4,-0.2,1,0,0,0,4,1,0,21,4.8,327,14:12,8,12,2,0,100.0
567,Kurtis MacDermid,27,COL,D,58,2,3,5,1,89,0.9,2,0,0,0,3,0,0,46,4.3,429,7:24,22,105,0,0,
568,Jacob MacDonald,28,COL,D,8,0,0,0,-1,2,0.0,0,0,0,0,0,0,0,17,0.0,81,10:06,3,9,0,0,
569,Mackenzie MacEachern,27,STL,LW,14,0,2,2,-1,4,-0.1,0,0,0,0,2,0,0,14,0.0,112,7:58,1,19,0,0,
570,Zack MacEwen,25,PHI,C,75,3,6,9,-15,110,-0.5,3,0,0,1,6,0,0,82,3.7,725,9:40,32,159,16,19,45.7
571,Ryan MacInnis,25,BUF,C,1,0,0,0,0,0,0.0,0,0,0,0,0,0,0,2,0.0,10,10:00,0,0,0,0,
572,Connor Mackey,25,CGY,D,3,0,1,1,-1,2,0.0,0,0,0,0,1,0,0,4,0.0,41,13:35,1,4,0,0,
573,Nathan MacKinnon,26,COL,C,65,32,56,88,22,42,9.7,25,7,0,5,36,20,0,299,10.7,1369,21:04,39,68,383,461,45.4
574,Josh Mahura,23,ANA,D,38,3,4,7,-14,12,0.6,3,0,0,0,4,0,0,36,8.3,534,14:04,51,63,0,0,
575,Cale Makar,23,COL,D,77,28,58,86,48,26,15.3,19,9,0,6,33,25,0,240,11.7,1976,25:40,110,95,0,0,
576,Beck Malenstyn,23,WSH,LW,12,1,0,1,2,9,0.1,1,0,0,0,0,0,0,10,10.0,109,9:03,7,34,1,6,14.3
577,Evgeni Malkin,35,PIT,C,41,20,22,42,-10,24,4.3,11,9,0,5,11,11,0,129,15.5,752,18:20,18,21,164,212,43.6
578,Brad Malone,32,EDM,C,8,1,1,2,-2,2,0.1,1,0,0,0,1,0,0,7,14.3,66,8:17,1,22,13,14,48.1
579,Jeff Malott,25,WPG,F,1,0,0,0,0,2,0.0,0,0,0,0,0,0,0,0,,4,4:06,0,3,0,0,
580,Mikhail Maltsev,23,COL,LW,18,0,0,0,-5,2,-0.5,0,0,0,0,0,0,0,23,0.0,145,8:04,2,31,44,32,57.9
581,Maxim Mamin,27,FLA,C,40,7,7,14,8,13,1.3,7,0,0,0,7,0,0,49,14.3,476,11:54,17,59,0,2,0.0
582,Andrew Mangiapane,25,CGY,LW,82,35,20,55,20,38,7.2,25,8,2,8,16,3,1,185,18.9,1290,15:44,32,73,21,34,38.2
583,Josh Manson,30,TOT,D,67,6,10,16,-11,65,2.6,6,0,0,0,10,0,0,92,6.5,1272,18:59,70,179,0,0,
584,Anthony Mantha,27,WSH,RW,37,9,14,23,4,14,2.3,9,0,0,0,12,2,0,82,11.0,561,15:10,18,46,3,1,75.0
585,Brad Marchand,33,BOS,LW,70,32,48,80,16,97,9.3,23,7,2,6,28,20,0,242,13.2,1347,19:15,20,78,14,27,34.1
586,Jonathan Marchessault,31,VEG,C,76,30,36,66,3,36,7.2,25,5,0,4,21,15,0,251,12.0,1335,17:34,17,61,43,57,43.0
587,Mason Marchment,26,FLA,F,54,18,29,47,29,53,5.7,17,1,0,2,28,1,0,121,14.9,762,14:07,9,114,11,29,27.5
588,John Marino,24,PIT,D,81,1,24,25,1,23,4.0,1,0,0,0,20,2,2,90,1.1,1672,20:38,88,73,0,0,
589,Mitch Marner,24,TOR,RW,72,35,62,97,23,16,10.7,26,6,3,5,42,19,1,224,15.6,1504,20:53,31,75,10,8,55.6
590,Cooper Marody,25,EDM,C,1,0,1,1,0,0,0.1,0,0,0,0,1,0,0,1,0.0,6,6:04,0,0,0,0,
591,Pat Maroon,33,TBL,LW,81,11,16,27,20,134,2.6,8,3,0,0,13,3,0,102,10.8,1004,12:24,11,160,15,15,50.0
592,Matt Martin,32,NYI,LW,71,3,4,7,-2,70,-0.2,3,0,0,0,4,0,0,66,4.5,812,11:26,26,235,8,11,42.1
593,Alec Martinez,34,VEG,D,26,3,5,8,6,4,1.9,3,0,0,0,5,0,0,32,9.4,508,19:32,68,26,0,0,
594,Jordan Martinook,29,CAR,LW,59,6,9,15,1,22,1.0,6,0,0,2,9,0,0,77,7.8,661,11:12,11,83,23,28,45.1
595,Mike Matheson,27,PIT,D,74,11,20,31,12,33,6.1,11,0,0,5,18,2,0,140,7.9,1391,18:48,81,97,0,0,
596,Stefan Matteau,27,COL,LW,1,0,0,0,0,0,0.0,0,0,0,0,0,0,0,0,,4,3:39,0,0,0,0,
597,Auston Matthews,24,TOR,C,73,60,46,106,20,18,13.8,44,16,0,10,33,13,0,348,17.2,1504,20:37,62,67,691,538,56.2
598,Scott Mayfield,29,NYI,D,61,3,15,18,-5,55,3.3,3,0,0,2,14,0,1,80,3.8,1206,19:46,109,77,0,0,
599,Gerald Mayhew,29,TOT,F,40,11,1,12,-6,18,1.2,10,1,0,0,1,0,0,53,20.8,527,13:11,26,58,3,7,30.0
600,Dysin Mayo,25,ARI,D,67,4,8,12,-22,27,1.5,4,0,0,0,8,0,0,76,5.3,1401,20:55,133,129,0,0,
601,Charlie McAvoy,24,BOS,D,78,10,46,56,31,66,10.8,5,4,1,5,29,17,0,166,6.0,1922,24:38,130,155,0,0,
602,Jack McBain,22,ARI,C,10,2,1,3,-6,6,0.0,2,0,0,0,1,0,0,13,15.4,142,14:11,9,33,35,68,34.0
603,Jake McCabe,28,CHI,D,75,4,18,22,-27,33,2.6,4,0,0,0,18,0,0,80,5.0,1523,20:18,167,166,0,0,
604,Jared McCann,25,SEA,C,74,27,23,50,-26,33,4.8,18,8,1,1,14,9,0,199,13.6,1194,16:08,29,65,224,268,45.5
605,Michael McCarron,26,NSH,RW,51,7,7,14,10,70,1.5,6,0,1,2,6,1,0,51,13.7,530,10:23,31,116,192,161,54.4
606,Ben McCartney,20,ARI,F,2,0,0,0,0,4,0.0,0,0,0,0,0,0,0,2,0.0,28,14:03,0,7,0,1,0.0
607,Max McCormick,29,SEA,LW,10,0,0,0,1,10,-0.1,0,0,0,0,0,0,0,8,0.0,81,8:06,3,11,2,2,50.0
608,Connor McDavid,25,EDM,C,80,44,79,123,28,45,14.0,34,10,0,9,44,34,1,314,14.0,1765,22:04,26,75,562,484,53.7
609,Ryan McDonagh,32,TBL,D,71,4,22,26,15,16,5.2,4,0,0,0,21,1,0,85,4.7,1594,22:27,137,96,0,1,0.0
610,Brock McGinn,27,PIT,LW,64,12,10,22,0,14,1.6,12,0,0,2,10,0,0,99,12.1,960,15:00,50,94,16,28,36.4
611,Greg McKegg,29,NYR,C,43,2,3,5,-11,6,-0.4,2,0,0,0,2,0,1,25,8.0,467,10:52,22,50,72,88,45.0
612,Marc McLaughlin,22,BOS,F,11,3,0,3,-1,8,0.4,3,0,0,0,0,0,0,12,25.0,115,10:29,2,15,5,10,33.3
613,Michael McLeod,23,NJD,C,77,6,14,20,-13,52,0.4,6,0,0,0,13,0,1,78,7.7,1026,13:20,34,145,604,451,57.3
614,Ryan McLeod,22,EDM,C,71,9,12,21,-2,12,1.2,7,2,0,1,9,3,0,82,11.0,906,12:46,25,28,248,277,47.2
615,Connor McMichael,21,WSH,C,68,9,9,18,-3,10,1.3,9,0,0,0,9,0,0,105,8.6,712,10:28,22,46,148,197,42.9
616,Brayden McNabb,31,VEG,D,69,3,15,18,10,42,3.8,3,0,0,0,14,0,1,85,3.5,1359,19:42,179,154,0,0,
617,Mason Mctavish,19,ANA,C,9,2,1,3,3,2,0.4,2,0,0,1,0,1,0,12,16.7,118,13:05,6,8,0,3,0.0
618,Jaycob Megna,29,SJS,D,44,2,6,8,-1,16,2.2,2,0,0,0,6,0,0,40,5.0,841,19:07,92,71,0,0,
619,Jayson Megna,31,COL,C,20,0,3,3,-2,4,-0.2,0,0,0,0,3,0,0,19,0.0,206,10:18,9,27,56,60,48.3
620,Timo Meier,25,SJS,RW,77,35,41,76,-3,54,8.7,23,12,0,8,35,6,0,326,10.7,1475,19:09,61,162,18,19,48.6
621,Nicolas Meloche,24,SJS,D,50,2,5,7,-17,39,1.0,2,0,0,1,4,0,1,36,5.6,844,16:53,54,158,0,0,
622,Dawson Mercer,20,NJD,C,82,17,25,42,-25,28,2.6,14,2,1,2,21,3,1,154,11.0,1356,16:32,35,26,209,381,35.4
623,Nicholas Merkley,24,SJS,RW,9,1,2,3,-2,0,0.2,1,0,0,0,1,1,0,7,14.3,112,12:25,2,9,6,5,54.5
624,Ryan Merkley,21,SJS,D,39,1,5,6,-10,8,0.9,1,0,0,0,3,2,0,36,2.8,600,15:23,22,12,0,0,
625,Dakota Mermis,28,MIN,D,2,0,0,0,2,0,0.1,0,0,0,0,0,0,0,1,0.0,28,13:54,1,3,0,0,
626,Jonathon Merrill,29,MIN,D,69,4,16,20,15,22,3.4,4,0,0,0,16,0,0,59,6.8,1181,17:07,112,46,0,0,
627,Victor Mete,23,OTT,D,37,0,7,7,-19,4,0.0,0,0,0,0,6,1,0,27,0.0,541,14:37,38,13,0,0,
628,Carson Meyer,24,CBJ,RW,13,1,2,3,0,6,0.2,1,0,0,0,2,0,0,13,7.7,107,8:14,2,27,0,0,
629,Ben Meyers,23,COL,F,5,1,0,1,-2,0,0.0,1,0,0,0,0,0,0,8,12.5,50,9:57,1,1,11,13,45.8
630,Jacob Middleton,26,TOT,D,66,4,10,14,10,82,3.8,4,0,0,0,8,1,1,73,5.5,1233,18:41,124,118,0,0,
631,Ilya Mikheyev,27,TOR,F,53,21,11,32,16,26,4.2,13,4,4,4,10,1,0,147,14.3,809,15:16,18,52,0,2,0.0
632,Niko Mikkola,25,STL,D,54,3,10,13,-6,55,1.5,2,0,1,0,10,0,0,58,5.2,917,16:59,81,109,0,0,
633,Sonny Milano,25,ANA,LW,66,14,20,34,-9,10,2.9,9,5,0,3,15,5,0,94,14.9,1008,15:17,15,27,0,2,0.0
634,Colin Miller,29,BUF,D,38,2,12,14,-2,21,2.2,2,0,0,0,9,3,0,48,4.2,721,18:59,42,50,0,0,
635,J.T. Miller,28,VAN,C,80,32,67,99,15,47,10.6,24,8,0,6,35,30,2,206,15.5,1686,21:05,56,172,667,566,54.1
636,K'Andre Miller,22,NYR,D,82,7,13,20,23,24,6.4,6,1,0,2,13,0,0,102,6.9,1690,20:36,95,151,0,0,
637,Daniil Miromanov,24,VEG,D,11,0,1,1,0,2,0.2,0,0,0,0,1,0,0,15,0.0,108,9:47,6,5,0,0,
638,Ian Mitchell,23,CHI,D,8,0,1,1,-3,0,0.0,0,0,0,0,0,1,0,2,0.0,95,11:56,9,2,0,0,
639,Casey Mittelstadt,23,BUF,C,40,6,13,19,-14,4,1.0,5,1,0,1,7,6,0,79,7.6,645,16:07,12,19,202,250,44.7
640,Sean Monahan,27,CGY,C,65,8,15,23,-15,24,0.8,3,5,0,2,7,8,0,111,7.2,914,14:04,24,59,414,365,53.1
641,Brandon Montour,27,FLA,D,81,11,26,37,15,48,5.5,10,1,0,1,19,7,0,153,7.2,1450,17:54,65,64,0,0,
642,John Moore,31,BOS,D,7,0,1,1,2,4,0.4,0,0,0,0,0,0,1,7,0.0,123,17:34,11,9,0,0,
643,Trevor Moore,26,LAK,LW,81,17,31,48,20,20,5.2,11,1,5,1,29,1,1,202,8.4,1271,15:41,32,69,28,39,41.8
644,Josh Morrissey,26,WPG,D,79,12,25,37,-3,66,5.9,6,6,0,3,16,9,0,173,6.9,1869,23:40,104,150,0,0,
645,Janis Moser,21,ARI,D,43,4,11,15,-10,16,2.0,3,1,0,1,10,1,0,40,10.0,804,18:42,55,32,0,0,
646,Tyler Motte,26,TOT,C,58,7,8,15,2,22,0.9,6,0,1,1,8,0,0,101,6.9,813,14:01,58,117,11,8,57.9
647,Jacob Moverare,23,LAK,D,19,0,2,2,3,2,0.7,0,0,0,0,2,0,0,15,0.0,310,16:20,21,16,0,0,
648,Connor Murphy,28,CHI,D,57,4,6,10,-14,47,2.0,4,0,0,1,6,0,0,71,5.6,1240,21:46,150,130,0,0,
649,Brett Murray,23,BUF,LW,19,2,4,6,-3,23,0.3,2,0,0,0,3,1,0,14,14.3,247,12:59,2,17,0,0,
650,Ryan Murray,28,COL,D,37,0,4,4,-3,2,0.4,0,0,0,0,3,0,1,26,0.0,521,14:05,41,32,0,0,
651,Jake Muzzin,32,TOR,D,47,3,11,14,-6,16,1.6,3,0,0,0,10,0,1,75,4.0,974,20:44,60,105,0,0,
652,Philippe Myers,25,NSH,D,27,1,3,4,5,12,1.2,1,0,0,0,3,0,0,28,3.6,402,14:53,17,50,0,0,
653,Tyler Myers,31,VAN,D,82,1,17,18,15,66,4.8,1,0,0,0,16,1,0,128,0.8,1802,21:59,148,145,0,0,
654,Vladislav Namestnikov,29,TOT,C,75,16,14,30,2,45,2.8,15,0,1,1,13,1,0,91,17.6,1099,14:39,39,62,26,31,45.6
655,Riley Nash,32,TOT,C,49,0,4,4,-5,10,-0.7,0,0,0,0,4,0,0,36,0.0,560,11:26,17,46,207,190,52.1
656,James Neal,34,STL,LW,19,2,2,4,-1,0,0.1,1,1,0,1,1,1,0,31,6.5,227,11:58,3,17,0,2,0.0
657,Martin Necas,23,CAR,C,78,14,26,40,5,32,3.3,11,2,1,6,24,2,0,159,8.8,1263,16:11,19,55,38,47,44.7
658,Jake Neighbours,19,STL,LW,9,1,1,2,-2,2,0.1,1,0,0,1,1,0,0,8,12.5,84,9:19,1,10,1,2,33.3
659,Brock Nelson,30,NYI,C,72,37,22,59,-5,33,7.5,26,11,0,5,19,3,0,171,21.6,1273,17:41,43,31,476,488,49.4
660,Patrik Nemeth,29,NYR,D,63,2,5,7,-9,28,1.5,2,0,0,1,5,0,0,52,3.8,1048,16:38,102,115,0,0,
661,Alex Newhook,21,COL,C,71,13,20,33,11,12,3.0,10,3,0,5,17,3,0,113,11.5,963,13:34,36,40,136,256,34.7
662,Valeri Nichushkin,26,COL,RW,62,25,27,52,21,14,5.9,18,5,2,5,23,4,0,180,13.9,1180,19:02,27,89,0,5,0.0
663,Nino Niederreiter,29,CAR,RW,75,24,20,44,29,34,5.7,20,4,0,5,19,1,0,144,16.7,1113,14:50,17,119,19,20,48.7
664,Markus Niemeläinen,23,EDM,D,20,0,1,1,-5,4,-0.1,0,0,0,0,1,0,0,12,0.0,264,13:12,19,82,0,0,
665,Matthew Nieto,29,SJS,LW,70,6,11,17,-20,19,0.2,6,0,0,0,11,0,0,82,7.3,1008,14:24,47,96,2,11,15.4
666,Sami Niku,25,MTL,D,13,0,6,6,3,2,1.0,0,0,0,0,5,1,0,14,0.0,199,15:17,17,6,0,0,
667,Stefan Noesen,28,CAR,RW,2,0,0,0,1,0,0.0,0,0,0,0,0,0,0,4,0.0,29,14:20,0,5,0,0,
668,Mattias Norlinder,21,MTL,D,6,0,1,1,2,2,0.3,0,0,0,0,1,0,0,2,0.0,74,12:18,3,4,0,0,
669,Joshua Norris,22,OTT,C,66,35,20,55,-7,16,6.8,19,16,0,8,13,7,0,172,20.3,1226,18:35,44,79,529,507,51.1
670,Tomas Nosek,29,BOS,C,75,3,14,17,-9,32,0.1,3,0,0,1,12,0,2,84,3.6,1001,13:21,34,85,362,310,53.9
671,Thomas Novak,24,NSH,C,27,1,6,7,-4,2,0.1,0,1,0,0,3,3,0,25,4.0,318,11:48,6,4,62,79,44.0
672,Ryan Nugent-Hopkins,28,EDM,C,63,11,39,50,3,16,3.8,7,1,3,1,15,22,2,154,7.1,1217,19:19,34,42,178,259,40.7
673,Darnell Nurse,26,EDM,D,71,9,26,35,18,54,6.6,7,0,2,0,19,6,1,203,4.4,1778,25:03,132,196,0,0,
674,Markus Nutivaara,27,FLA,D,1,0,1,1,0,0,0.1,0,0,0,0,1,0,0,0,,7,7:01,0,1,0,0,
675,William Nylander,25,TOR,C,81,34,46,80,-9,16,7.8,21,13,0,7,28,18,0,256,13.3,1480,18:16,30,19,34,31,52.3
676,Gustav Nyquist,32,CBJ,RW,82,18,35,53,-12,26,3.8,10,4,4,0,29,6,0,122,14.8,1463,17:50,51,41,14,16,46.7
677,Liam O'Brien,27,ARI,C,39,2,1,3,1,106,-0.1,2,0,0,0,1,0,0,36,5.6,370,9:29,10,139,5,5,50.0
678,Drew O'Connor,23,PIT,F,22,3,2,5,-1,4,0.3,3,0,0,0,2,0,0,40,7.5,226,10:17,7,12,18,34,34.6
679,Logan O'Connor,25,COL,RW,81,8,16,24,10,38,1.3,7,0,1,1,13,0,3,127,6.3,1124,13:52,59,100,5,17,22.7
680,Danny O'Regan,28,ANA,C,5,0,1,1,-1,0,0.0,0,0,0,0,1,0,0,2,0.0,50,10:03,4,3,11,17,39.3
681,Ryan O'Reilly,30,STL,C,78,21,37,58,11,12,5.2,12,9,0,0,29,7,1,168,12.5,1488,19:05,38,20,900,685,56.8
682,Jordan Oesterle,29,DET,D,45,2,6,8,-7,4,1.2,2,0,0,1,6,0,0,63,3.2,823,18:17,44,27,0,0,
683,Nikita Okhotyuk,21,NJD,D,5,1,1,2,-2,2,0.2,1,0,0,0,1,0,0,5,20.0,75,15:05,1,16,0,0,
684,Kyle Okposo,33,BUF,RW,74,21,24,45,-15,43,4.1,11,8,2,1,18,6,0,174,12.1,1241,16:47,19,59,92,93,49.7
685,Jamie Oleksiak,29,SEA,D,72,1,16,17,-1,54,3.2,1,0,0,0,15,0,1,95,1.1,1392,19:20,86,182,0,0,
686,Mathieu Olivier,24,NSH,F,10,0,1,1,-3,14,-0.2,0,0,0,0,1,0,0,5,0.0,101,10:06,4,23,0,1,0.0
687,Victor Olofsson,26,BUF,RW,72,20,29,49,-16,6,4.5,13,7,0,6,23,5,1,164,12.2,1108,15:23,15,10,0,1,0.0
688,Dmitry Orlov,30,WSH,D,76,12,23,35,25,44,7.7,10,2,0,4,21,2,0,127,9.4,1593,20:58,94,124,0,0,
689,T.J. Oshie,35,WSH,C,44,11,14,25,-12,18,1.8,7,4,0,1,7,6,1,77,14.3,768,17:27,30,86,72,97,42.6
690,Alex Ovechkin,36,WSH,LW,77,50,40,90,8,18,11.4,33,16,1,5,27,13,0,334,15.0,1584,20:34,25,156,4,9,30.8
691,Brayden Pachal,22,VEG,D,2,0,0,0,-2,0,-0.1,0,0,0,0,0,0,0,1,0.0,20,9:46,1,2,0,0,
692,Max Pacioretty,33,VEG,LW,39,19,18,37,8,33,4.6,15,4,0,4,10,8,0,148,12.8,678,17:23,21,30,2,7,22.2
693,Jean-Gabriel Pageau,29,NYI,C,77,18,21,39,0,30,3.7,13,4,1,0,15,3,3,126,14.3,1361,17:40,53,171,748,604,55.3
694,Ondrej Palat,30,TBL,LW,77,18,31,49,15,20,4.8,17,1,0,5,25,5,1,143,12.6,1270,16:30,42,124,2,16,11.1
695,Kyle Palmieri,30,NYI,RW,69,15,18,33,0,57,3.2,13,2,0,6,14,4,0,156,9.6,1078,15:37,18,77,15,36,29.4
696,Artemi Panarin,30,NYR,LW,75,22,74,96,21,18,9.9,17,5,0,5,42,32,0,177,12.4,1441,19:13,14,22,1,1,50.0
697,Richard Panik,30,NYI,RW,4,0,1,1,-2,0,-0.1,0,0,0,0,0,1,0,4,0.0,60,14:55,2,9,1,1,50.0
698,Cedric Paquette,28,MTL,C,24,0,2,2,-6,25,-0.4,0,0,0,0,2,0,0,16,0.0,213,8:52,14,58,31,73,29.8
699,Colton Parayko,28,STL,D,80,6,29,35,16,18,5.9,6,0,0,2,28,1,0,135,4.4,1885,23:34,169,72,0,0,
700,Zach Parise,37,NYI,LW,82,15,20,35,-2,28,3.1,11,2,2,4,15,5,0,138,10.9,1253,15:17,57,60,28,47,37.3
701,David Pastrnak,25,BOS,RW,72,40,37,77,13,20,9.7,25,15,0,9,26,11,0,312,12.8,1340,18:36,14,63,7,14,33.3
702,Greg Pateryn,31,ANA,D,10,1,1,2,0,10,0.5,1,0,0,0,1,0,0,16,6.3,141,14:07,7,18,0,0,
703,Nolan Patrick,23,VEG,C,25,2,5,7,1,6,0.4,2,0,0,0,4,1,0,34,5.9,288,11:30,3,26,83,89,48.3
704,Nick Paul,26,TOT,LW,80,16,16,32,-14,39,2.2,13,2,1,2,15,0,1,166,9.6,1321,16:31,56,106,426,419,50.4
705,Joe Pavelski,37,DAL,C,82,27,54,81,11,14,8.6,15,12,0,2,41,13,0,216,12.5,1515,18:28,69,104,394,357,52.5
706,Chase Pearson,24,DET,C,3,0,0,0,0,0,0.0,0,0,0,0,0,0,0,2,0.0,20,6:45,0,4,2,2,50.0
707,Tanner Pearson,29,VAN,LW,68,14,20,34,9,30,3.3,13,1,0,2,18,2,0,159,8.8,1092,16:03,41,84,20,37,35.1
708,Matthew Peca,28,STL,C,5,0,1,1,-1,0,0.0,0,0,0,0,1,0,0,3,0.0,48,9:38,1,3,5,7,41.7
709,Lane Pederson,24,SJS,F,29,0,2,2,-16,10,-0.8,0,0,0,0,2,0,0,24,0.0,305,10:31,10,54,42,54,43.8
710,Andrew Peeke,23,CBJ,D,82,2,13,15,-14,60,1.7,2,0,0,0,13,0,0,72,2.8,1761,21:29,169,191,0,0,
711,Adam Pelech,27,NYI,D,78,3,25,28,20,42,6.7,3,0,0,0,23,0,2,104,2.9,1660,21:17,128,99,0,0,
712,Cole Perfetti,20,WPG,C,18,2,5,7,1,0,0.5,2,0,0,1,4,1,0,21,9.5,255,14:09,2,17,0,3,0.0
713,Brendan Perlini,25,EDM,LW,23,4,1,5,-2,6,0.4,4,0,0,0,1,0,0,24,16.7,193,8:22,3,29,0,1,0.0
714,Jacob Perreault,19,ANA,RW,1,0,0,0,-1,0,-0.1,0,0,0,0,0,0,0,0,,11,11:05,1,0,0,0,
715,Mathieu Perreault,34,MTL,C,25,4,5,9,2,4,0.9,4,0,0,0,4,1,0,27,14.8,281,11:15,11,35,36,35,50.7
716,David Perron,33,STL,LW,67,27,30,57,8,48,6.2,16,11,0,2,15,15,0,177,15.3,1138,16:59,11,80,1,3,25.0
717,Corey Perry,36,TBL,RW,82,19,21,40,9,66,4.1,13,6,0,4,19,2,0,153,12.4,1109,13:31,28,73,2,2,50.0
718,Scott Perunovich,23,STL,D,19,0,6,6,2,8,0.9,0,0,0,0,3,3,0,14,0.0,294,15:27,12,5,0,0,
719,Brett Pesce,27,CAR,D,70,7,21,28,5,39,5.3,6,1,0,3,19,2,0,148,4.7,1519,21:42,99,39,0,0,
720,Nic Petan,26,VAN,C,18,0,2,2,-2,4,-0.2,0,0,0,0,1,1,0,21,0.0,185,10:17,3,6,14,32,30.4
721,John-Jason Peterka,20,BUF,RW,2,0,0,0,0,0,0.0,0,0,0,0,0,0,0,3,0.0,32,16:08,2,1,0,0,
722,Jacob Peterson,22,DAL,C,65,12,5,17,-1,12,1.7,12,0,0,5,4,1,0,85,14.1,719,11:04,23,22,59,56,51.3
723,Jeff Petry,34,MTL,D,68,6,21,27,-11,36,3.6,6,0,0,1,17,3,1,124,4.8,1504,22:07,117,140,0,0,
724,Elias Pettersson,23,VAN,C,80,32,36,68,1,12,7.4,20,10,2,3,19,17,0,192,16.7,1488,18:36,43,49,238,302,44.1
725,Marcus Pettersson,25,PIT,D,72,2,17,19,8,38,3.6,2,0,0,0,17,0,0,83,2.4,1127,15:39,74,122,0,0,
726,Michael Pezzetta,23,MTL,C,51,5,6,11,-7,81,0.7,5,0,0,0,6,0,0,49,10.2,400,7:50,8,156,6,5,54.5
727,Isaak Phillips,20,CHI,D,4,0,0,0,-1,4,0.0,0,0,0,0,0,0,0,4,0.0,49,12:20,1,3,0,0,
728,Alex Pietrangelo,32,VEG,D,80,13,31,44,7,42,7.5,9,3,1,0,18,10,3,227,5.7,1972,24:39,164,66,0,0,
729,Garrett Pilon,23,WSH,C,2,1,0,1,1,0,0.2,1,0,0,0,0,0,0,1,100.0,19,9:25,0,2,8,10,44.4
730,Shane Pinto,21,OTT,C,5,0,1,1,0,2,0.0,0,0,0,0,0,1,0,5,0.0,65,12:57,1,0,17,35,32.7
731,Neal Pionk,26,WPG,D,77,3,31,34,5,46,5.2,2,1,0,1,20,11,0,140,2.1,1628,21:08,91,185,0,0,
732,Rem Pitlick,24,TOT,C,66,15,22,37,-8,24,3.1,14,0,1,1,21,1,0,65,23.1,989,14:59,28,25,53,65,44.9
733,Tyler Pitlick,30,TOT,C,39,1,4,5,-11,6,-0.6,1,0,0,0,4,0,0,36,2.8,427,10:56,26,70,4,6,40.0
734,Vasily Podkolzin,20,VAN,RW,79,14,12,26,7,26,2.5,12,2,0,3,11,1,0,115,12.2,1011,12:48,33,84,8,11,42.1
735,Ryan Poehling,23,MTL,C,57,9,8,17,-21,6,0.6,7,2,0,1,8,0,0,91,9.9,695,12:12,28,40,227,262,46.4
736,Austin Poganski,25,WPG,RW,16,0,0,0,-3,7,-0.4,0,0,0,0,0,0,0,9,0.0,149,9:19,5,23,0,0,
737,Brayden Point,25,TBL,C,66,28,30,58,-5,33,5.8,18,10,0,4,18,12,0,176,15.9,1284,19:28,27,75,366,351,51.0
738,Tucker Poolman,28,VAN,D,40,1,2,3,2,12,1.2,1,0,0,0,2,0,0,47,2.1,680,17:00,73,33,0,0,
739,Andrew Poturalski,28,CAR,C,2,0,2,2,-1,0,0.1,0,0,0,0,0,2,0,4,0.0,20,10:09,1,0,3,4,42.9
740,Derrick Pouliot,28,TOT,D,11,0,4,4,6,4,1.0,0,0,0,0,4,0,0,8,0.0,171,15:30,14,10,0,0,
741,Owen Power,19,BUF,D,8,2,1,3,3,2,0.9,2,0,0,0,1,0,0,10,20.0,177,22:05,9,1,0,0,
742,Chase Priskie,25,FLA,D,4,0,0,0,2,2,0.1,0,0,0,0,0,0,0,4,0.0,56,14:00,3,3,0,0,
743,Aliaksei Protas,21,WSH,C,33,3,6,9,4,0,0.7,3,0,0,0,5,1,0,34,8.8,391,11:50,12,20,56,69,44.8
744,Ivan Provorov,25,PHI,D,79,9,22,31,-20,34,4.4,8,1,0,1,14,6,2,170,5.3,1966,24:53,172,74,0,0,
745,Ethan Prow,29,BUF,D,4,1,0,1,-1,0,0.2,1,0,0,0,0,0,0,2,50.0,51,12:44,3,2,0,0,
746,Jesse Puljujarvi,23,EDM,RW,65,14,22,36,22,20,3.7,10,4,0,1,19,3,0,160,8.8,1055,16:14,15,81,0,0,
747,Ryan Pulock,27,NYI,D,56,5,16,21,0,2,4.1,3,2,0,0,11,4,1,122,4.1,1184,21:08,130,86,0,0,
748,Valtteri Puustinen,22,PIT,RW,1,0,1,1,2,0,0.2,0,0,0,0,1,0,0,1,0.0,10,10:14,0,1,0,0,
749,Mark Pysyk,30,BUF,D,68,3,9,12,-4,16,2.6,3,0,0,0,9,0,0,64,4.7,1212,17:49,85,41,0,0,
750,Jack Quinn,20,BUF,RW,2,1,1,2,0,0,0.3,0,1,0,0,1,0,0,6,16.7,30,14:53,1,0,0,0,
751,Darren Raddysh,25,TBL,D,4,0,0,0,1,0,0.1,0,0,0,0,0,0,0,2,0.0,43,10:40,6,4,0,0,
752,Taylor Raddysh,23,TOT,RW,74,11,11,22,1,10,1.7,7,3,1,1,10,1,0,104,10.6,913,12:20,21,103,6,10,37.5
753,Alexander Radulov,35,DAL,RW,71,4,18,22,-20,30,0.3,3,1,0,2,11,7,0,92,4.3,1001,14:06,48,43,10,12,45.5
754,Michael Raffl,33,DAL,LW,76,7,9,16,-19,16,-0.1,6,0,1,2,7,0,2,94,7.4,1105,14:32,34,141,14,12,53.8
755,Rickard Rakell,28,TOT,RW,70,20,21,41,0,12,4.0,15,5,0,2,16,5,0,184,10.9,1259,17:59,44,99,36,43,45.6
756,Sampo Ranta,21,COL,LW,10,0,0,0,-4,2,-0.4,0,0,0,0,0,0,0,9,0.0,109,10:54,6,9,2,2,50.0
757,Mikko Rantanen,25,COL,RW,75,36,56,92,35,56,10.5,20,16,0,2,37,19,0,254,14.2,1574,20:59,43,58,164,190,46.3
758,Victor Rask,28,TOT,C,47,9,12,21,4,2,2.0,9,0,0,1,11,1,0,58,15.5,573,12:12,5,15,89,87,50.6
759,Adam Raska,20,SJS,RW,5,0,0,0,1,7,0.0,0,0,0,0,0,0,0,2,0.0,40,8:03,0,15,0,0,
760,Michael Rasmussen,22,DET,C,80,15,12,27,-25,66,1.3,15,0,0,2,10,2,0,128,11.7,1161,14:31,65,142,410,409,50.1
761,Isaac Ratcliffe,22,PHI,LW,10,1,3,4,-1,10,0.3,1,0,0,0,1,2,0,14,7.1,107,10:45,8,16,0,1,0.0
762,Jack Rathbone,22,VAN,D,9,0,0,0,-5,2,-0.2,0,0,0,0,0,0,0,10,0.0,124,13:50,8,5,0,0,
763,Kyle Rau,29,MIN,C,5,0,0,0,-3,0,-0.2,0,0,0,0,0,0,0,3,0.0,44,8:49,0,6,1,1,50.0
764,Lucas Raymond,19,DET,LW,82,23,34,57,-32,16,4.2,18,5,0,2,21,13,0,184,12.5,1489,18:09,24,62,12,19,38.7
765,Ryan Reaves,35,NYR,RW,69,5,8,13,-13,43,0.1,5,0,0,0,8,0,0,44,11.4,735,10:39,16,279,5,5,50.0
766,Scott Reedy,22,SJS,C,35,7,2,9,-8,10,0.8,4,3,0,2,2,0,0,33,21.2,392,11:11,26,14,53,79,40.2
767,Alec Regula,21,CHI,D,15,1,0,1,-1,12,0.5,1,0,0,0,0,0,0,18,5.6,268,17:53,21,21,0,0,
768,Kristian Reichel,23,WPG,F,13,1,1,2,-2,7,0.0,1,0,0,0,1,0,0,18,5.6,135,10:24,10,14,1,0,100.0
769,Lukas Reichel,19,CHI,LW,11,0,1,1,-8,0,-0.4,0,0,0,0,1,0,0,15,0.0,145,13:12,3,0,16,30,34.8
770,Mike Reilly,28,BOS,D,70,4,13,17,-1,32,3.4,3,0,1,0,10,3,0,135,3.0,1327,18:57,54,94,0,0,
771,Cole Reinhardt,21,OTT,LW,1,0,0,0,0,2,0.0,0,0,0,0,0,0,0,1,0.0,9,8:35,0,2,0,0,
772,Sam Reinhart,26,FLA,C,78,33,49,82,25,13,9.0,17,16,0,6,32,15,2,186,17.7,1385,17:46,30,49,174,185,48.5
773,Sheldon Rempal,26,VAN,RW,1,0,0,0,-1,0,-0.1,0,0,0,0,0,0,0,2,0.0,9,9:11,0,0,0,0,
774,Dan Renouf,27,DET,D,4,0,0,0,-2,7,-0.1,0,0,0,0,0,0,0,3,0.0,56,14:00,2,4,0,0,
775,Brad Richardson,36,TOT,C,44,4,4,8,-1,35,0.4,4,0,0,1,4,0,0,31,12.9,453,10:18,20,59,139,100,58.2
776,Morgan Rielly,27,TOR,D,82,10,58,68,16,40,9.4,8,2,0,3,34,21,3,221,4.5,1947,23:44,87,92,0,0,
777,Juuso Riikola,28,PIT,D,5,0,1,1,2,2,0.3,0,0,0,0,1,0,0,7,0.0,67,13:23,2,13,0,0,
778,Rasmus Ristolainen,27,PHI,D,66,2,14,16,-9,38,2.5,2,0,0,0,13,1,0,97,2.1,1415,21:26,125,230,0,0,
779,Brett Ritchie,28,CGY,RW,41,3,1,4,-6,29,-0.3,3,0,0,0,1,0,0,55,5.5,399,9:43,5,78,1,3,25.0
780,Nick Ritchie,26,TOT,LW,57,12,11,23,-13,43,1.6,11,1,0,0,8,3,0,93,12.9,724,12:42,22,153,0,4,0.0
781,Jason Robertson,22,DAL,LW,74,41,38,79,16,22,10.1,28,13,0,11,30,8,0,220,18.6,1340,18:07,24,50,0,0,
782,Nicholas Robertson,20,TOR,LW,10,1,0,1,-4,4,-0.1,1,0,0,0,0,0,0,14,7.1,103,10:16,2,10,0,0,
783,Buddy Robinson,30,ANA,RW,32,1,5,6,2,19,0.3,1,0,0,0,5,0,0,38,2.6,296,9:15,12,56,0,6,0.0
784,Eric Robinson,26,CBJ,LW,67,10,17,27,-1,18,1.9,8,0,2,1,17,0,0,104,9.6,931,13:54,20,95,2,2,50.0
785,Evan Rodrigues,28,PIT,C,82,19,24,43,3,14,3.9,12,7,0,2,23,1,0,243,7.8,1299,15:50,30,89,183,203,47.4
786,Alexander Romanov,22,MTL,D,79,3,10,13,-9,53,2.1,3,0,0,0,10,0,0,107,2.8,1611,20:24,144,227,0,0,
787,Kevin Rooney,28,NYR,C,61,6,6,12,-1,18,0.4,6,0,0,1,6,0,0,71,8.5,845,13:51,47,84,181,223,44.8
788,Calle Rosen,27,STL,D,18,2,5,7,-2,4,0.8,2,0,0,0,5,0,0,18,11.1,258,14:20,16,6,0,0,
789,Jack Roslovic,25,CBJ,C,81,22,23,45,2,12,4.5,18,4,0,4,20,3,0,131,16.8,1157,14:17,25,60,372,483,43.5
790,Marco Rossi,20,MIN,C,2,0,0,0,-1,4,-0.1,0,0,0,0,0,0,0,5,0.0,31,15:35,1,1,7,15,31.8
791,Antoine Roussel,32,ARI,LW,53,4,4,8,-16,59,-0.5,4,0,0,1,4,0,0,59,6.8,644,12:09,34,74,17,22,43.6
792,Carter Rowney,32,DET,RW,26,4,2,6,-4,0,0.4,4,0,0,0,1,0,1,15,26.7,277,10:40,20,36,74,91,44.8
793,Matt Roy,26,LAK,D,67,2,19,21,23,28,5.4,2,0,0,0,15,2,2,153,1.3,1406,20:59,103,124,0,0,
794,Nicolas Roy,24,VEG,C,78,15,24,39,12,51,3.5,13,2,0,3,20,3,1,145,10.3,1268,16:15,34,85,454,477,48.8
795,Kristians Rubins,24,TOR,D,3,0,0,0,-2,4,-0.1,0,0,0,0,0,0,0,5,0.0,35,11:45,2,12,0,0,
796,Chad Ruhwedel,31,PIT,D,78,4,9,13,2,14,2.8,4,0,0,0,9,0,0,82,4.9,1196,15:20,86,149,0,0,
797,Arttu Ruotsalainen,24,BUF,F,18,2,2,4,-1,6,0.2,2,0,0,0,2,0,0,23,8.7,214,11:53,6,14,51,69,42.5
798,Kris Russell,34,EDM,D,31,2,7,9,7,4,1.9,2,0,0,1,7,0,0,34,5.9,479,15:26,68,33,0,0,
799,Bryan Rust,29,PIT,RW,60,24,34,58,7,14,6.2,15,9,0,1,22,12,0,180,13.3,1126,18:46,24,43,1,5,16.7
800,Jan Rutta,31,TBL,D,76,3,15,18,25,47,4.8,3,0,0,0,15,0,0,86,3.5,1245,16:23,71,93,0,0,
801,Adam Ruzicka,22,CGY,C,28,5,5,10,8,8,1.2,5,0,0,0,5,0,0,33,15.2,286,10:13,8,24,103,120,46.2
802,Derek Ryan,35,EDM,C,75,10,12,22,-4,8,1.4,10,0,0,2,11,0,1,72,13.9,857,11:26,38,38,286,226,55.9
803,Jonas Røndbjerg,22,VEG,RW,30,2,4,6,0,4,0.3,2,0,0,0,4,0,0,30,6.7,300,10:01,11,13,0,2,0.0
804,Brandon Saad,29,STL,LW,78,24,25,49,11,10,5.0,15,8,1,1,18,5,2,158,15.2,1269,16:16,20,20,8,11,42.1
805,Scott Sabourin,29,OTT,F,7,0,2,2,-2,11,0.0,0,0,0,0,2,0,0,4,0.0,53,7:36,4,14,1,0,100.0
806,Robin Salo,23,NYI,D,21,1,4,5,-6,4,0.6,1,0,0,0,2,2,0,24,4.2,351,16:41,23,7,0,0,
807,Dylan Samberg,23,WPG,D,15,0,5,5,3,4,0.9,0,0,0,0,5,0,0,14,0.0,223,14:51,19,21,0,0,
808,Dmitri Samorukov,22,EDM,D,1,0,0,0,-2,0,-0.1,0,0,0,0,0,0,0,0,,2,2:28,0,0,0,0,
809,Mattias Samuelsson,21,BUF,D,42,0,10,10,-10,16,1.2,0,0,0,0,10,0,0,44,0.0,840,20:00,60,100,0,0,
810,Linus Sandin,25,PHI,F,1,0,0,0,0,0,0.0,0,0,0,0,0,0,0,1,0.0,7,6:59,2,0,0,0,
811,Rasmus Sandin,21,TOR,D,51,5,11,16,9,4,3.0,5,0,0,3,8,3,0,46,10.9,865,16:58,39,88,0,0,
812,Zach Sanford,27,TOT,LW,80,9,12,21,-15,50,0.7,8,1,0,0,10,2,0,104,8.7,1144,14:18,67,169,5,17,22.7
813,Travis Sanheim,25,PHI,D,80,7,24,31,9,34,6.2,7,0,0,1,24,0,0,123,5.7,1838,22:58,142,64,0,0,
814,David Savard,31,MTL,D,62,3,14,17,-22,36,1.3,3,0,0,0,13,0,1,66,4.5,1289,20:47,127,134,0,0,
815,Marco Scandella,31,STL,D,70,3,11,14,17,18,3.4,3,0,0,0,9,0,2,76,3.9,1270,18:08,70,106,0,0,
816,Colton Sceviour,32,EDM,C,35,2,3,5,-6,26,-0.1,2,0,0,0,2,0,1,38,5.3,332,9:28,20,41,29,33,46.8
817,Mark Scheifele,28,WPG,C,67,29,41,70,-17,23,6.6,22,7,0,3,29,12,0,159,18.2,1416,21:08,47,36,430,418,50.7
818,Brayden Schenn,30,STL,C,62,24,34,58,21,33,6.5,17,7,0,3,24,10,0,111,21.6,1103,17:47,17,119,284,295,49.1
819,Luke Schenn,32,VAN,D,66,5,12,17,15,61,4.4,4,0,1,1,12,0,0,78,6.4,1136,17:13,96,273,0,0,
820,Nick Schmaltz,25,ARI,C,63,23,36,59,1,14,6.1,19,4,0,4,32,4,0,123,18.7,1150,18:15,28,15,114,125,47.7
821,Nate Schmidt,30,WPG,D,77,4,28,32,-4,10,4.4,3,1,0,1,17,10,1,117,3.4,1556,20:13,104,37,0,0,
822,Braden Schneider,20,NYR,D,43,2,9,11,5,9,2.5,2,0,0,0,8,1,0,25,8.0,665,15:29,52,60,0,0,
823,Corey Schueneman,26,MTL,D,24,2,4,6,-5,8,0.7,2,0,0,0,3,1,0,30,6.7,398,16:36,40,15,0,0,
824,Justin Schultz,31,WSH,D,74,4,19,23,-15,16,2.5,2,2,0,1,16,3,0,92,4.3,1252,16:55,87,40,0,0,
825,Jaden Schwartz,29,SEA,C,37,8,15,23,-13,14,1.5,7,1,0,0,12,3,0,101,7.9,683,18:27,13,42,17,18,48.6
826,Cole Schwindt,20,FLA,RW,3,0,0,0,-4,0,-0.2,0,0,0,0,0,0,0,3,0.0,42,14:08,2,5,15,16,48.4
827,Nick Seeler,28,PHI,D,43,1,2,3,-3,29,0.7,1,0,0,0,2,0,0,32,3.1,562,13:05,67,75,0,0,
828,Tyler Seguin,30,DAL,C,81,24,25,49,-21,30,4.2,21,3,0,2,15,10,0,218,11.0,1443,17:49,33,96,464,364,56.0
829,Moritz Seider,20,DET,D,82,7,43,50,-9,34,6.7,5,2,0,4,22,19,2,187,3.7,1889,23:02,161,151,0,0,
830,Andrej Sekera,35,DAL,D,32,1,3,4,-3,16,0.9,1,0,0,0,3,0,0,26,3.8,439,13:43,25,15,0,0,
831,Kirill Semyonov,27,TOR,C,3,0,0,0,-2,0,-0.1,0,0,0,0,0,0,0,1,0.0,30,10:02,0,4,1,1,50.0
832,Brett Seney,25,TOR,LW,2,0,0,0,0,0,0.0,0,0,0,0,0,0,0,1,0.0,14,7:01,2,3,0,5,0.0
833,Zachary Senyshyn,24,OTT,RW,2,0,0,0,-1,2,-0.1,0,0,0,0,0,0,0,0,,13,6:32,0,4,0,0,
834,Mikhail Sergachev,23,TBL,D,78,7,31,38,6,59,6.1,6,1,0,1,24,6,1,149,4.7,1753,22:28,123,139,0,0,
835,Damon Severson,27,NJD,D,80,11,35,46,-14,57,6.3,6,5,0,0,23,11,1,158,7.0,1888,23:36,92,91,0,0,
836,Michael Sgarbossa,29,WSH,C,10,2,2,4,3,0,0.5,2,0,0,0,2,0,0,11,18.2,99,9:54,2,7,41,31,56.9
837,Yegor Sharangovich,23,NJD,C,76,24,22,46,-14,23,4.2,20,2,2,3,21,1,0,168,14.3,1255,16:30,26,30,89,131,40.5
838,Kevin Shattenkirk,33,ANA,D,82,8,27,35,-9,36,5.7,7,1,0,1,14,13,0,163,4.9,1756,21:25,135,73,0,1,0.0
839,Logan Shaw,30,OTT,RW,17,1,2,3,-3,2,0.1,1,0,0,0,2,0,0,17,5.9,159,9:23,5,11,58,57,50.4
840,Mason Shaw,23,MIN,C,3,0,0,0,-2,5,-0.1,0,0,0,0,0,0,0,7,0.0,27,8:59,1,6,1,2,33.3
841,Riley Sheahan,30,SEA,C,69,4,13,17,6,2,1.1,4,0,0,0,11,0,2,69,5.8,831,12:03,28,16,263,296,47.0
842,Conor Sheary,29,WSH,LW,71,19,24,43,-2,14,4.2,17,2,0,5,20,4,0,129,14.7,1085,15:17,44,45,11,16,40.7
843,Kiefer Sherwood,26,COL,RW,11,1,1,2,3,0,0.2,1,0,0,1,1,0,0,9,11.1,94,8:34,4,12,1,0,100.0
844,Kole Sherwood,25,NSH,RW,1,0,0,0,0,0,0.0,0,0,0,0,0,0,0,2,0.0,8,8:08,0,3,0,0,
845,Devin Shore,27,EDM,C,49,5,6,11,-4,10,0.6,4,0,1,0,6,0,0,36,13.9,469,9:34,21,67,102,112,47.7
846,Jonas Siegenthaler,24,NJD,D,70,1,13,14,-5,42,2.4,1,0,0,0,12,0,1,92,1.1,1439,20:34,106,98,0,0,
847,Dylan Sikura,26,COL,C,5,0,1,1,0,0,0.0,0,0,0,0,1,0,0,3,0.0,50,9:57,3,0,0,0,
848,Jakob Silfverberg,31,ANA,LW,53,5,16,21,-3,30,1.1,4,1,0,0,12,4,0,120,4.2,903,17:02,40,16,8,16,33.3
849,Cole Sillinger,18,CBJ,C,79,16,15,31,-22,37,1.8,16,0,0,3,13,2,0,148,10.8,1082,13:42,43,98,362,417,46.5
850,Radim Simek,29,SJS,D,36,1,1,2,-13,8,0.1,1,0,0,0,1,0,0,25,4.0,478,13:17,39,96,0,0,
851,Wayne Simmonds,33,TOR,RW,72,5,11,16,-7,96,0.5,5,0,0,2,10,1,0,79,6.3,672,9:20,11,148,3,3,50.0
852,Dominik Simon,27,TOT,C,72,3,10,13,0,34,0.3,3,0,0,1,9,1,0,88,3.4,741,10:17,38,72,9,12,42.9
853,Colton Sissons,28,NSH,C,79,7,21,28,2,30,1.3,6,1,0,0,18,3,0,87,8.0,1277,16:10,44,188,719,573,55.7
854,Jeff Skinner,29,BUF,LW,80,33,30,63,-14,42,6.9,28,5,0,4,24,6,0,262,12.6,1368,17:06,20,29,91,133,40.6
855,Brady Skjei,27,CAR,D,82,9,30,39,22,48,8.0,9,0,0,0,30,0,0,184,4.9,1734,21:09,73,95,0,0,
856,Jaccob Slavin,27,CAR,D,79,4,38,42,35,10,8.9,3,1,0,0,30,6,2,165,2.4,1859,23:32,121,50,0,0,
857,Josiah Slavin,23,CHI,LW,15,0,1,1,0,4,-0.2,0,0,0,0,1,0,0,13,0.0,180,12:02,4,12,29,38,43.3
858,Brendan Smith,32,CAR,D,45,4,4,8,6,36,2.2,4,0,0,1,4,0,0,63,6.3,626,13:55,40,73,0,0,
859,C.J. Smith,27,CAR,LW,1,0,0,0,-1,0,-0.1,0,0,0,0,0,0,0,0,,9,9:22,0,1,0,0,
860,Cole Smith,26,NSH,F,8,0,0,0,-3,0,-0.2,0,0,0,0,0,0,0,3,0.0,71,8:50,1,21,0,1,0.0
861,Craig Smith,32,BOS,C,74,16,20,36,2,28,3.4,16,0,0,1,16,4,0,187,8.6,1067,14:25,28,95,4,8,33.3
862,Gemel Smith,27,DET,C,3,0,1,1,-2,5,0.0,0,0,0,0,1,0,0,1,0.0,20,6:46,1,0,6,4,60.0
863,Givani Smith,23,DET,RW,46,4,3,7,-6,108,0.2,4,0,0,0,3,0,0,50,8.0,390,8:28,20,86,1,1,50.0
864,Nathan Smith,23,ARI,C,10,2,2,4,-1,2,0.3,2,0,0,0,2,0,0,14,14.3,142,14:09,6,26,38,58,39.6
865,Reilly Smith,30,VEG,RW,56,16,22,38,4,8,3.7,11,3,2,3,16,4,2,150,10.7,996,17:47,23,55,4,4,50.0
866,Ty Smith,21,NJD,D,66,5,15,20,-26,22,1.6,5,0,0,0,11,4,0,77,6.5,1155,17:30,73,45,0,0,
867,Joe Snively,26,WSH,F,12,4,3,7,3,2,1.0,3,1,0,0,3,0,0,21,19.0,139,11:33,3,2,0,1,0.0
868,Victor Soderstrom,20,ARI,D,16,0,0,0,-7,6,-0.2,0,0,0,0,0,0,0,14,0.0,261,16:19,23,14,0,0,
869,Egor Sokolov,21,OTT,F,8,0,0,0,-6,4,-0.3,0,0,0,0,0,0,0,8,0.0,83,10:22,4,13,0,0,
870,Carson Soucy,27,SEA,D,64,10,11,21,7,47,4.7,9,0,1,1,8,2,1,97,10.3,1130,17:40,73,118,0,0,
871,Blake Speers,25,ARI,C,2,0,0,0,-3,2,-0.1,0,0,0,0,0,0,0,1,0.0,18,9:10,2,3,6,5,54.5
872,Jordan Spence,20,LAK,D,24,2,6,8,0,2,1.5,2,0,0,1,4,2,0,41,4.9,474,19:45,29,32,0,0,
873,Jason Spezza,38,TOR,C,71,12,13,25,-3,26,2.0,9,3,0,1,6,7,0,97,12.4,763,10:45,24,31,305,272,52.9
874,Daniel Sprong,24,TOT,RW,63,14,6,20,0,8,2.0,12,2,0,0,6,0,0,153,9.2,818,12:59,12,43,0,4,0.0
875,Jared Spurgeon,32,MIN,D,65,10,30,40,32,10,7.2,10,0,0,2,16,14,0,116,8.6,1375,21:09,83,44,0,0,
876,Jordan Staal,33,CAR,C,78,17,19,36,11,18,3.3,16,1,0,2,18,1,0,146,11.6,1297,16:38,29,212,736,549,57.3
877,Marc Staal,35,DET,D,71,3,13,16,-1,28,3.0,3,0,0,1,13,0,0,76,3.9,1237,17:25,75,94,0,0,
878,Steven Stamkos,31,TBL,C,81,42,64,106,24,36,12.5,26,16,0,11,44,20,0,241,17.4,1497,18:29,31,93,545,523,51.0
879,Logan Stanley,23,WPG,D,58,1,12,13,1,44,2.1,1,0,0,1,11,0,1,80,1.3,907,15:39,100,131,0,0,
880,Paul Stastny,36,WPG,C,71,21,24,45,14,14,4.8,17,4,0,2,20,4,0,141,14.9,1263,17:47,27,27,267,205,56.6
881,Troy Stecher,27,TOT,D,29,1,2,3,-7,13,0.4,1,0,0,0,2,0,0,50,2.0,483,16:40,38,33,0,0,
882,Sam Steel,23,ANA,C,68,6,14,20,-17,16,0.7,6,0,0,1,11,3,0,66,9.1,837,12:19,27,37,203,209,49.3
883,Oskar Steen,23,BOS,C,20,2,4,6,-1,6,0.4,2,0,0,0,4,0,0,25,8.0,221,11:04,8,32,1,5,16.7
884,Alex Steeves,22,TOR,F,3,0,1,1,-1,0,0.0,0,0,0,0,1,0,0,2,0.0,24,7:58,1,1,0,0,
885,Kevin Stenlund,25,CBJ,C,3,0,0,0,0,2,0.0,0,0,0,0,0,0,0,3,0.0,23,7:32,2,2,1,0,100.0
886,Derek Stepan,31,CAR,C,58,9,10,19,0,14,1.6,9,0,0,0,10,0,0,96,9.4,626,10:48,25,29,248,196,55.9
887,Mitchell Stephens,24,DET,C,27,0,6,6,-8,8,-0.2,0,0,0,0,6,0,0,17,0.0,302,11:11,9,21,124,129,49.0
888,Chandler Stephenson,27,VEG,C,79,21,43,64,5,26,5.9,14,6,1,3,34,8,1,125,16.8,1526,19:19,44,68,653,602,52.0
889,Riley Stillman,23,CHI,D,52,2,10,12,-8,36,1.8,2,0,0,1,10,0,0,49,4.1,783,15:04,67,122,0,0,
890,Mark Stone,29,VEG,RW,37,9,21,30,7,8,2.9,6,3,0,2,17,3,1,71,12.7,679,18:21,24,19,13,16,44.8
891,Michael Stone,31,CGY,D,11,2,4,6,3,4,1.1,1,1,0,1,3,1,0,24,8.3,192,17:27,17,26,0,0,
892,Anton Stralman,35,ARI,D,74,8,15,23,-16,12,3.6,8,0,0,1,15,0,0,95,8.4,1579,21:20,100,99,0,0,
893,Austin Strand,24,LAK,D,8,0,2,2,-1,0,0.3,0,0,0,0,2,0,0,9,0.0,122,15:17,5,7,0,0,
894,Dylan Strome,24,CHI,C,69,22,26,48,-6,28,4.7,17,5,0,2,15,11,0,126,17.5,1203,17:26,33,11,460,419,52.3
895,Ryan Strome,28,NYR,C,74,21,33,54,15,69,5.7,15,5,1,5,24,9,0,161,13.0,1356,18:19,19,41,363,455,44.4
896,Marian Studenic,23,TOT,RW,33,2,2,4,-7,6,-0.2,2,0,0,0,2,0,0,42,4.8,368,11:09,15,25,1,3,25.0
897,Jack Studnicka,22,BOS,C,15,0,3,3,-5,4,-0.2,0,0,0,0,3,0,0,21,0.0,189,12:35,5,17,58,61,48.7
898,Nico Sturm,26,TOT,C,74,9,11,20,-7,14,0.7,7,1,1,0,11,0,0,101,8.9,881,11:54,29,99,312,277,53.0
899,Tim Stützle,20,OTT,LW,79,22,36,58,-27,37,4.8,14,7,1,4,17,19,0,176,12.5,1455,18:25,52,125,180,293,38.1
900,P.K. Subban,32,NJD,D,77,5,17,22,-8,82,3.4,5,0,0,1,16,0,1,114,4.4,1409,18:18,90,69,0,0,
901,C.J. Suess,27,WPG,LW,3,0,0,0,0,2,0.0,0,0,0,0,0,0,0,0,,17,5:43,5,2,2,2,50.0
902,Oskar Sundqvist,27,TOT,C,59,8,15,23,5,29,1.7,8,0,0,1,15,0,0,70,11.4,826,14:00,29,70,75,107,41.2
903,Andrej Sustr,31,TOT,D,38,1,5,6,-4,16,1.0,1,0,0,0,5,0,0,28,3.6,559,14:43,36,27,0,0,
904,Pius Suter,25,DET,F,82,15,21,36,-11,22,2.3,14,0,1,3,18,3,0,166,9.0,1388,16:55,37,24,495,509,49.3
905,Ryan Suter,37,DAL,D,82,7,25,32,1,40,6.6,3,4,0,0,16,9,0,118,5.9,1940,23:39,88,46,0,0,
906,Nick Suzuki,22,MTL,C,82,21,40,61,-29,30,4.2,12,8,1,4,26,12,2,186,11.3,1682,20:31,62,89,699,711,49.6
907,Andrei Svechnikov,21,CAR,RW,78,30,39,69,19,79,7.9,21,9,0,5,26,13,0,249,12.0,1346,17:16,15,189,0,6,0.0
908,Evgeny Svechnikov,25,WPG,LW,72,7,12,19,-4,38,1.1,7,0,0,1,12,0,0,78,9.0,774,10:45,22,104,3,4,42.9
909,Brandon Tanev,30,SEA,LW,30,9,6,15,4,13,1.8,6,2,1,3,6,0,0,51,17.6,437,14:34,22,98,1,1,50.0
910,Chris Tanev,32,CGY,D,82,6,22,28,35,22,6.9,6,0,0,3,22,0,0,88,6.8,1678,20:28,158,52,0,0,
911,Vladimir Tarasenko,30,STL,RW,75,34,48,82,7,32,8.9,29,5,0,9,30,17,1,230,14.8,1268,16:55,45,83,4,7,36.4
912,Tomas Tatar,31,NJD,LW,76,15,15,30,-22,22,1.7,13,2,0,1,12,3,0,132,11.4,1127,14:50,28,75,19,31,38.0
913,John Tavares,31,TOR,C,79,27,49,76,-8,32,6.9,17,10,0,3,33,16,0,237,11.4,1428,18:04,44,90,813,529,60.6
914,Matt Tennyson,31,NSH,D,8,0,3,3,0,4,0.4,0,0,0,0,3,0,0,5,0.0,103,12:55,4,12,0,0,
915,Teuvo Teravainen,27,CAR,F,77,22,43,65,22,24,6.9,11,9,2,2,20,22,1,202,10.9,1363,17:42,30,15,24,20,54.5
916,Troy Terry,24,ANA,C,75,37,30,67,-11,26,7.7,29,8,0,7,23,7,0,192,19.3,1368,18:14,27,6,1,8,11.1
917,Alexandre Texier,22,CBJ,C,36,11,9,20,0,12,2.1,10,0,1,0,8,0,1,59,18.6,526,14:36,12,13,20,37,35.1
918,Shea Theodore,26,VEG,D,78,14,38,52,6,24,8.2,13,1,0,5,27,11,0,205,6.8,1804,23:08,97,37,0,0,
919,Robert Thomas,22,STL,C,72,20,57,77,17,16,7.3,15,3,2,6,45,11,1,115,17.4,1352,18:46,25,13,562,565,49.9
920,Nate Thompson,37,PHI,C,33,1,2,3,-15,31,-0.7,1,0,0,0,2,0,0,23,4.3,395,11:58,20,49,160,127,55.7
921,Tage Thompson,24,BUF,C,78,38,30,68,-17,37,7.7,26,10,2,4,24,6,0,253,15.0,1395,17:53,25,66,393,582,40.3
922,Tyce Thompson,22,NJD,RW,2,0,0,0,0,0,0.0,0,0,0,0,0,0,0,3,0.0,29,14:25,0,2,1,0,100.0
923,Lassi Thomson,21,OTT,D,16,0,5,5,-8,2,0.3,0,0,0,0,4,1,0,18,0.0,276,17:15,9,23,0,0,
924,Joe Thornton,42,FLA,C,34,5,5,10,-10,10,0.3,2,3,0,1,5,0,0,26,19.2,378,11:06,10,20,77,98,44.0
925,Chris Tierney,27,OTT,C,70,6,12,18,-12,14,0.7,3,3,0,2,10,2,0,72,8.3,869,12:25,30,42,264,267,49.7
926,Conor Timmins,23,ARI,D,6,0,0,0,-6,0,-0.3,0,0,0,0,0,0,0,5,0.0,106,17:45,9,7,0,0,
927,Jarred Tinordi,29,NYR,D,7,1,0,1,-5,7,-0.1,1,0,0,1,0,0,0,5,20.0,90,12:51,8,17,0,0,
928,Owen Tippett,22,TOT,RW,63,10,11,21,-2,12,1.3,9,1,0,1,9,2,0,126,7.9,846,13:25,16,98,21,34,38.2
929,Vladimir Tkachev,26,LAK,F,4,0,2,2,-2,2,0.0,0,0,0,0,0,2,0,1,0.0,56,13:59,0,1,1,1,50.0
930,Brady Tkachuk,22,OTT,LW,79,30,37,67,-7,117,7.1,21,9,0,3,29,8,0,288,10.4,1485,18:48,25,270,218,217,50.1
931,Matthew Tkachuk,24,CGY,LW,82,42,62,104,57,68,13.7,30,12,0,6,45,17,0,253,16.6,1468,17:54,20,93,20,23,46.5
932,Devon Toews,27,COL,D,66,13,44,57,52,20,11.2,11,2,0,3,34,10,0,158,8.2,1674,25:22,85,54,0,0,
933,Jonathan Toews,33,CHI,C,71,12,25,37,-14,39,2.4,7,4,1,2,22,3,0,125,9.6,1241,17:29,22,25,788,548,59.0
934,Tyler Toffoli,29,TOT,C,74,20,29,49,-5,14,4.5,10,8,2,1,20,8,1,195,10.3,1206,16:18,24,81,18,16,52.9
935,Eeli Tolvanen,22,NSH,RW,75,11,12,23,-7,16,1.3,10,1,0,1,7,5,0,151,7.3,1007,13:26,45,176,0,1,0.0
936,Philip Tomasino,20,NSH,C,76,11,21,32,2,10,2.7,8,3,0,3,15,6,0,111,9.9,877,11:32,28,49,21,33,38.9
937,Dominic Toninato,27,WPG,C,77,7,7,14,1,22,1.0,6,0,1,1,3,1,3,44,15.9,647,8:24,32,92,87,118,42.4
938,Alexey Toropchenko,22,STL,RW,28,2,0,2,-9,15,-0.5,2,0,0,0,0,0,0,43,4.7,300,10:43,21,69,1,2,33.3
939,Brayden Tracey,20,ANA,LW,1,0,0,0,-1,0,-0.1,0,0,0,0,0,0,0,1,0.0,9,9:21,0,0,0,0,
940,Yakov Trenin,25,NSH,C,80,17,7,24,7,46,2.2,17,0,0,2,7,0,0,136,12.5,1173,14:40,33,191,12,23,34.3
941,Vincent Trocheck,28,CAR,C,81,21,30,51,21,78,5.3,15,6,0,3,24,6,0,168,12.5,1448,17:52,46,185,680,565,54.6
942,Jacob Trouba,27,NYR,D,81,11,28,39,25,88,8.9,10,1,0,1,23,3,2,204,5.4,1817,22:26,177,207,0,0,
943,Alexander True,24,SEA,F,8,0,0,0,-2,2,-0.2,0,0,0,0,0,0,0,6,0.0,66,8:15,2,22,12,15,44.4
944,Alex Tuch,25,BUF,RW,50,12,26,38,-3,14,3.4,9,2,1,0,20,6,0,139,8.6,920,18:25,49,32,9,14,39.1
945,Riley Tufte,23,DAL,LW,10,1,0,1,0,4,0.1,1,0,0,0,0,0,0,5,20.0,72,7:12,4,9,1,1,50.0
946,Alex Turcotte,20,LAK,C,8,0,0,0,0,2,-0.1,0,0,0,0,0,0,0,13,0.0,90,11:16,2,8,12,17,41.4
947,Kyle Turris,32,EDM,C,23,1,3,4,-5,4,-0.1,1,0,0,0,3,0,0,21,4.8,198,8:37,6,13,28,22,56.0
948,T.J. Tynan,29,LAK,C,2,0,0,0,0,0,0.0,0,0,0,0,0,0,0,3,0.0,22,10:51,2,1,6,7,46.2
949,Urho Vaakanainen,23,TOT,D,29,0,6,6,-5,10,0.9,0,0,0,0,5,1,0,27,0.0,560,19:19,28,27,0,0,
950,Juuso Valimaki,23,CGY,D,9,0,2,2,0,10,0.3,0,0,0,0,2,0,0,11,0.0,141,15:42,9,8,0,0,
951,James van Riemsdyk,32,PHI,LW,82,24,14,38,-33,25,2.9,15,9,0,4,14,0,0,186,12.9,1321,16:07,25,34,10,14,41.7
952,Trevor van Riemsdyk,30,WSH,D,72,1,16,17,-3,40,2.5,1,0,0,0,15,0,1,75,1.3,1258,17:28,129,25,0,0,
953,Frank Vatrano,27,TOT,LW,71,18,14,32,4,22,3.2,17,1,0,3,13,1,0,161,11.2,934,13:10,26,68,12,13,48.0
954,Mike Vecchione,28,WSH,RW,1,0,0,0,-1,0,0.0,0,0,0,0,0,0,0,3,0.0,5,5:06,0,0,0,0,
955,Lukas Vejdemo,26,MTL,C,6,1,0,1,-3,0,0.0,1,0,0,0,0,0,0,10,10.0,64,10:38,4,7,13,18,41.9
956,Joe Veleno,22,DET,C,66,8,7,15,-14,22,0.3,8,0,0,0,7,0,0,73,11.0,872,13:13,25,123,222,238,48.3
957,Carter Verhaeghe,26,FLA,C,78,24,31,55,24,48,5.8,24,0,0,4,28,3,0,167,14.4,1252,16:03,16,50,19,10,65.5
958,Kristian Vesalainen,22,WPG,W,53,2,1,3,-8,6,-0.6,2,0,0,0,1,0,0,43,4.7,460,8:40,14,72,0,1,0.0
959,Jimmy Vesey,28,NJD,LW,68,8,7,15,-24,12,-0.3,6,0,2,2,7,0,0,110,7.3,981,14:25,29,85,18,43,29.5
960,Jeffrey Viel,25,SJS,F,34,3,2,5,-2,114,0.3,3,0,0,0,2,0,0,30,10.0,299,8:48,11,84,4,8,33.3
961,Gabriel Vilardi,22,LAK,C,25,5,2,7,-5,8,0.5,3,2,0,1,2,0,0,41,12.2,338,13:31,9,6,60,71,45.8
962,Alex Vlasic,20,CHI,D,15,1,1,2,-2,2,0.4,1,0,0,0,1,0,0,12,8.3,215,14:19,16,15,0,0,
963,Marc-Edouard Vlasic,34,SJS,D,75,3,11,14,-22,18,1.9,3,0,0,0,11,0,0,63,4.8,1141,15:13,90,54,0,0,
964,Jakub Voracek,32,CBJ,RW,79,6,56,62,-13,44,3.7,4,2,0,2,33,23,0,147,4.1,1379,17:28,28,27,5,28,15.2
965,Jakub Vrana,25,DET,LW,26,13,6,19,-8,16,2.2,8,5,0,3,5,1,0,65,20.0,388,14:56,9,14,1,2,33.3
966,Chris Wagner,30,BOS,C,1,0,0,0,-1,0,-0.1,0,0,0,0,0,0,0,2,0.0,16,15:57,0,11,0,1,0.0
967,Oliver Wahlstrom,21,NYI,RW,73,13,11,24,-6,74,2.2,8,5,0,2,8,3,0,157,8.3,880,12:04,19,101,6,8,42.9
968,Nathan Walker,27,STL,C,30,8,4,12,1,2,1.3,8,0,0,2,4,0,0,38,21.1,346,11:33,22,58,8,15,34.8
969,Sean Walker,27,LAK,D,6,0,2,2,-1,4,0.2,0,0,0,0,1,1,0,18,0.0,110,18:22,9,9,0,0,
970,Jake Walman,25,TOT,D,51,3,7,10,-3,10,1.5,3,0,0,0,6,1,0,87,3.4,715,14:01,58,47,0,0,
971,Reilly Walsh,22,NJD,D,1,0,1,1,0,0,0.1,0,0,0,0,1,0,0,2,0.0,14,14:23,2,0,0,0,
972,Austin Watson,30,OTT,LW,67,10,6,16,-3,91,1.3,9,0,1,1,6,0,0,88,11.4,803,11:59,63,213,7,13,35.0
973,Jasper Weatherby,24,SJS,C,50,5,6,11,-14,18,0.3,4,1,0,0,5,1,0,45,11.1,562,11:14,24,52,173,168,50.7
974,MacKenzie Weegar,28,FLA,D,80,8,36,44,40,81,7.7,6,1,1,2,33,2,1,203,3.9,1870,23:22,156,179,0,0,
975,Alexander Wennberg,27,SEA,C,80,11,26,37,-26,28,1.6,9,2,0,2,21,4,1,95,11.6,1428,17:51,44,47,555,635,46.6
976,Zach Werenski,24,CBJ,D,68,11,37,48,-15,22,5.7,7,4,0,2,26,10,1,216,5.1,1745,25:40,95,33,0,0,
977,Blake Wheeler,35,WPG,RW,65,17,43,60,-15,36,4.8,14,3,0,2,26,17,0,167,10.2,1270,19:32,37,62,4,17,19.0
978,Colin White,25,OTT,C,24,3,7,10,-11,4,0.3,1,2,0,1,2,5,0,47,6.4,368,15:20,4,28,86,91,48.6
979,Colton White,24,NJD,D,27,0,4,4,2,8,0.9,0,0,0,0,4,0,0,18,0.0,358,13:15,14,24,0,0,
980,Zach Whitecloud,25,VEG,D,59,8,11,19,21,20,5.0,7,0,1,1,11,0,0,94,8.5,1109,18:48,115,98,0,0,
981,Chris Wideman,32,MTL,D,64,4,23,27,-25,67,1.9,4,0,0,1,11,12,0,76,5.3,952,14:53,46,44,0,0,
982,Maxwell Willman,26,PHI,C,41,4,2,6,-13,16,-0.2,4,0,0,0,2,0,0,65,6.2,483,11:46,10,53,2,5,28.6
983,Tom Wilson,27,WSH,RW,78,24,28,52,13,98,5.5,18,4,2,5,21,6,1,151,15.9,1449,18:35,55,240,22,30,42.3
984,Luke Witkowski,31,DET,D,1,0,0,0,0,0,0.0,0,0,0,0,0,0,0,0,,9,9:18,0,1,0,0,
985,Christian Wolanin,26,TOT,D,9,1,1,2,-1,2,0.4,1,0,0,0,1,0,0,5,20.0,132,14:42,13,5,0,0,
986,Miles Wood,26,NJD,LW,3,0,0,0,-2,4,-0.1,0,0,0,0,0,0,0,2,0.0,44,14:46,1,5,0,0,
987,Kailer Yamamoto,23,EDM,RW,81,20,21,41,-1,40,3.4,16,3,1,4,17,3,1,114,17.5,1367,16:52,36,114,2,4,33.3
988,Keith Yandle,35,PHI,D,77,1,18,19,-47,14,-0.4,0,1,0,0,8,10,0,105,1.0,1076,13:59,40,29,0,0,
989,Jesse Ylönen,22,MTL,RW,14,2,3,5,2,2,0.5,2,0,0,0,3,0,0,16,12.5,162,11:34,4,5,0,0,
990,Cameron York,21,PHI,D,30,3,7,10,-14,6,0.8,2,1,0,0,4,3,0,33,9.1,572,19:05,40,20,0,0,
991,Pavel Zacha,24,NJD,C,70,15,21,36,-21,22,2.2,11,4,0,1,17,4,0,148,10.1,1179,16:51,18,80,189,188,50.1
992,Filip Zadina,22,DET,RW,74,10,14,24,-24,10,0.8,6,4,0,1,10,4,0,154,6.5,1049,14:11,34,57,5,5,50.0
993,Nikita Zadorov,26,CGY,D,74,4,18,22,11,77,4.1,4,0,0,0,18,0,0,106,3.8,1251,16:55,49,181,0,0,
994,Nikita Zaitsev,30,OTT,D,62,2,9,11,-7,28,2.2,2,0,0,0,7,0,2,65,3.1,1177,18:59,103,128,0,0,
995,Yegor Zamula,21,PHI,D,10,0,0,0,-6,4,-0.3,0,0,0,0,0,0,0,4,0.0,163,16:21,19,5,0,0,
996,Jakub Zboril,24,BOS,D,10,0,3,3,1,4,0.5,0,0,0,0,3,0,0,13,0.0,157,15:44,10,24,0,0,
997,Trevor Zegras,20,ANA,C,75,23,38,61,-21,50,5.4,14,9,0,5,30,8,0,181,12.7,1343,17:54,27,56,217,327,39.9
998,Fabian Zetterlund,22,NJD,W,14,3,5,8,5,0,0.9,3,0,0,0,5,0,0,36,8.3,187,13:21,7,16,2,1,66.7
999,Mika Zibanejad,28,NYR,C,81,29,52,81,30,12,9.2,13,15,1,3,35,13,4,219,13.2,1591,19:38,47,67,700,638,52.3
1000,Radim Zohorna,25,PIT,F,17,2,4,6,12,4,0.9,2,0,0,0,4,0,0,9,22.2,176,10:20,3,23,4,8,33.3
1001,Artem Zub,26,OTT,D,81,6,16,22,1,60,4.9,6,0,0,0,16,0,0,92,6.5,1704,21:02,124,155,0,0,
1002,Mats Zuccarello,34,MIN,LW,70,24,55,79,21,24,8.0,17,7,0,2,34,21,0,159,15.1,1301,18:35,33,36,21,34,38.2
1003,Jason Zucker,30,PIT,LW,41,8,9,17,-2,15,1.3,6,2,0,0,9,0,0,102,7.8,608,14:49,20,66,4,11,26.7
